start_timestamp,re-set clock,id,duration,start_frame_index,end_frame_index,Adjacent_Fixation?,Cumulative Fixation Time,Cumulative Fixation Counter,norm_pos_x,norm_pos_y,dispersion,confidence,method,gaze_point_3d_x,gaze_point_3d_y,gaze_point_3d_z,,Participant,Build,Time_boris,Time_N,Behavior_boris,Behavioral category,Status,closest_time_match,Look_duration,Fixations_per_look,Duration_of_1st_Fixation_in_look,pupil_start_frame,norm_Fixation_pos_x,norm_Fixation_pos_y,Fixation_number
1167.353,0,1,323.882,0,6,FALSE,323.882,1,0.492,0.790,1.963,0.976,3d gaze,-11.477,-85.591,298.275,,16,3,0.055,0,l_4r_1,4Red,POINT,0.000,323.882,1,324,0,0.492,0.790,1
1167.709,0.356,2,213.466,7,13,TRUE,468.481,2,0.403,0.760,1.963,0.958,3d gaze,-51.105,-73.929,282.380,,16,3,0.055,0,l_4r_2,4Red,POINT,0.000,323.882,1,324,0,0.492,0.790,1
1167.988,0.635,3,255.015,15,23,FALSE,255.015,1,0.420,0.769,1.925,0.902,3d gaze,-41.667,-72.911,270.803,,16,3,0.549,0.494,l_1t,1transparent,POINT,0.635,255.015,1,255,15,0.420,0.769,3
1168.296,0.943,4,165.528,24,29,TRUE,838.102,3,0.557,0.762,1.917,0.991,3d gaze,16.979,-67.788,260.738,,16,3,0.823,0.768,l_4yr_1,4YellowRound,POINT,0.943,838.102,3,166,24,0.557,0.762,4
1168.586,1.233,5,483.831,33,48,TRUE,672.574,2,0.523,0.760,1.425,0.958,3d gaze,3.146,-68.611,266.896,,16,3,1.098,1.043,l_4r_3,4Red,POINT,1.233,672.574,2,484,33,0.523,0.760,5
1169.106,1.753,6,188.743,49,54,FALSE,188.743,1,0.529,0.767,1.206,0.908,3d gaze,5.572,-69.298,261.826,,16,3,1.317,1.262,l_4r_2,4Red,POINT,1.233,672.574,2,484,33,0.523,0.760,5
1169.351,1.998,7,428.216,56,65,TRUE,867.706,3,0.408,0.770,1.093,0.891,3d gaze,-45.643,-71.472,263.324,,16,3,2.086,2.031,l_1t,1transparent,POINT,1.998,867.706,3,428,56,0.408,0.770,7
1169.809,2.456,8,113.065,66,68,TRUE,439.490,2,0.456,0.774,1.812,0.846,3d gaze,-25.274,-72.464,265.968,,16,3,2.689,2.634,l_4r_1,4Red,POINT,2.593,326.425,1,326,69,0.504,0.749,9
1169.946,2.593,9,326.425,69,76,FALSE,326.425,1,0.504,0.749,2.006,0.908,3d gaze,-4.832,-62.900,255.305,,16,3,3.513,3.458,l_1t,1transparent,POINT,3.392,244.197,1,244,87,0.428,0.743,10
1170.745,3.392,10,244.197,87,92,FALSE,244.197,1,0.428,0.743,1.266,0.932,3d gaze,-32.931,-56.856,234.076,,16,3,3.568,3.513,l_4yr_1,4YellowRound,POINT,3.655,1950.167,5,317,93,0.486,0.733,11
1171.008,3.655,11,316.610,93,100,TRUE,1950.167,5,0.486,0.733,1.960,0.941,3d gaze,-10.404,-51.253,221.246,,16,3,3.842,3.787,l_4r_1,4Red,POINT,3.979,1633.557,4,369,101,0.492,0.735,12
1171.331,3.979,12,368.935,101,108,TRUE,1633.557,4,0.492,0.735,1.639,0.919,3d gaze,-8.240,-50.948,218.089,,16,3,4.446,4.391,l_4r_2,4Red,POINT,4.351,1264.622,3,489,108,0.516,0.774,13
1171.704,4.351,13,489.134,108,117,TRUE,1264.622,3,0.516,0.774,1.926,0.951,3d gaze,0.155,-63.024,232.538,,16,3,5.763,5.708,l_1t,1transparent,POINT,5.711,249.868,1,250,132,0.414,0.761,16
1172.209,4.856,14,497.993,117,127,TRUE,775.488,2,0.518,0.777,1.203,0.973,3d gaze,1.055,-68.779,250.728,,16,3,6.092,6.037,l_4r_2,4Red,POINT,6.011,2381.442,5,474,140,0.532,0.784,17
1172.710,5.357,15,277.495,127,131,FALSE,277.495,1,0.519,0.777,0.829,0.958,3d gaze,1.257,-69.592,253.554,,16,3,6.092,6.037,l_4yr_2,4YellowRound,POINT,6.011,2381.442,5,474,140,0.532,0.784,17
1173.064,5.711,16,249.868,132,139,FALSE,249.868,1,0.414,0.761,1.318,0.878,3d gaze,-42.070,-67.422,257.514,,16,3,6.806,6.751,l_4r_3,4Red,POINT,7.023,1408.662,3,488,163,0.536,0.787,19
1173.364,6.011,17,473.704,140,152,TRUE,2381.442,5,0.532,0.784,1.838,0.953,3d gaze,6.686,-71.597,254.140,,16,3,8.617,8.562,l_2dr_1,2DarkRed,POINT,8.493,995.993,2,497,194,0.614,0.697,22
1173.873,6.520,18,499.075,153,163,TRUE,1907.738,4,0.536,0.783,0.494,0.981,3d gaze,8.313,-72.225,257.687,,16,3,9.715,9.66,l_4yr_3,4YellowRound,POINT,9.652,811.326,2,497,223,0.616,0.611,25
1174.376,7.023,19,488.036,163,173,TRUE,1408.662,3,0.536,0.787,0.458,0.962,3d gaze,8.210,-73.492,258.563,,16,3,10.812,10.757,l_2dr_1,2DarkRed,POINT,10.588,1652.597,4,497,230,0.627,0.697,28
1174.877,7.524,20,499.326,174,183,TRUE,920.626,2,0.536,0.789,1.069,0.948,3d gaze,8.713,-77.146,269.240,,16,3,12.569,12.514,l_4r_2,4Red,POINT,12.561,864.885,3,268,268,0.523,0.697,33
1175.379,8.027,21,421.300,183,193,FALSE,421.300,1,0.540,0.792,1.116,0.920,3d gaze,10.732,-80.065,277.029,,16,3,12.569,12.514,l_4yr_2,4YellowRound,POINT,12.561,864.885,3,268,268,0.523,0.697,33
1175.846,8.493,22,496.675,194,207,TRUE,995.993,2,0.614,0.697,0.892,0.707,3d gaze,42.599,-54.377,274.022,,16,3,12.898,12.843,u_4yr_4,4YellowRound,START,12.835,596.888,2,344,274,0.533,0.727,34
1176.346,8.993,23,499.317,207,220,FALSE,499.317,1,0.614,0.694,1.999,0.692,3d gaze,40.979,-51.899,264.208,,16,3,13.063,13.008,u_4yr_4,4YellowRound,STOP,13.227,252.622,1,253,283,0.538,0.713,35
1176.861,9.508,24,136.165,220,223,TRUE,947.491,3,0.615,0.630,1.414,0.860,3d gaze,39.686,-34.622,254.774,,16,3,13.337,13.282,u_4yr_3,4YellowRound,START,13.227,252.622,1,253,283,0.538,0.713,35
1177.005,9.652,25,496.719,223,230,TRUE,811.326,2,0.616,0.611,1.730,0.767,3d gaze,42.059,-31.519,267.454,,16,3,13.392,13.337,u_4yr_3,4YellowRound,STOP,13.530,577.132,2,191,292,0.454,0.690,36
1177.507,10.154,26,314.607,230,230,FALSE,314.607,1,0.617,0.615,1.513,0.710,3d gaze,42.933,-33.087,270.483,,16,3,13.392,13.337,u_4yr_4,4YellowRound,START,13.530,577.132,2,191,292,0.454,0.690,36
1177.837,10.485,27,100.065,230,230,TRUE,1752.663,5,0.628,0.690,1.969,0.706,3d gaze,48.407,-52.399,271.350,,16,3,13.557,13.502,l_4yr_2,4YellowRound,POINT,13.530,577.132,2,191,292,0.454,0.690,36
1177.941,10.588,28,496.735,230,233,TRUE,1652.597,4,0.627,0.697,1.203,0.765,3d gaze,47.434,-53.357,267.292,,16,3,13.666,13.611,l_4yr_1,4YellowRound,POINT,13.731,386.098,1,386,298,0.460,0.672,37
1178.453,11.100,29,492.413,233,244,TRUE,1155.862,3,0.629,0.690,1.156,0.733,3d gaze,50.128,-53.435,277.512,,16,3,13.886,13.831,u_4yr_1,4YellowRound,START,13.731,386.098,1,386,298,0.460,0.672,37
1178.969,11.617,30,283.503,244,252,TRUE,663.450,2,0.617,0.678,1.949,0.772,3d gaze,45.586,-51.350,284.336,,16,3,14.215,14.16,u_4yr_2,4YellowRound,START,14.210,346.051,3,162,312,0.562,0.539,38
1179.259,11.906,31,379.947,252,261,FALSE,379.947,1,0.605,0.662,1.423,0.738,3d gaze,42.741,-49.887,302.263,,16,3,14.27,14.215,l_4r_4,4Red,POINT,14.210,346.051,3,162,312,0.562,0.539,38
1179.701,12.348,32,201.040,263,268,TRUE,1065.925,4,0.510,0.705,1.995,0.699,3d gaze,-2.711,-60.857,297.325,,16,3,15.203,15.148,l_3_ob,3Orange,POINT,15.175,1275.912,4,499,334,0.565,0.784,42
1179.913,12.561,33,267.997,268,274,TRUE,864.885,3,0.523,0.697,1.858,0.733,3d gaze,3.454,-58.251,295.218,,16,3,15.697,15.642,u_4yr_2,4YellowRound,STOP,15.678,777.165,3,308,343,0.573,0.780,43
1180.188,12.835,34,344.266,274,281,TRUE,596.888,2,0.533,0.727,1.912,0.706,3d gaze,8.070,-65.648,291.225,,16,3,15.862,15.807,u_4yr_1,4YellowRound,STOP,15.995,469.325,2,168,350,0.563,0.793,44
1180.579,13.227,35,252.622,283,291,FALSE,252.622,1,0.538,0.713,1.839,0.710,3d gaze,10.092,-60.949,286.733,,16,3,16.63,16.575,l_4yr_1,4YellowRound,POINT,16.566,250.559,1,251,364,0.438,0.680,46
1180.882,13.530,36,191.034,292,298,TRUE,577.132,2,0.454,0.690,1.994,0.682,3d gaze,-31.779,-62.133,325.386,,16,3,17.124,17.069,l_3_ob,3Orange,POINT,17.053,735.302,2,485,376,0.575,0.735,47
1181.084,13.731,37,386.098,298,309,FALSE,386.098,1,0.460,0.672,1.949,0.695,3d gaze,-28.405,-56.678,326.270,,16,3,17.673,17.618,l_4r_3,4Red,POINT,17.555,250.168,1,250,386,0.566,0.735,48
1181.562,14.210,38,161.655,312,316,TRUE,346.051,3,0.562,0.539,1.789,0.652,3d gaze,20.784,-14.873,288.220,,16,3,17.947,17.892,l_4r_4,4Red,POINT,17.888,770.983,3,254,393,0.530,0.633,49
1181.867,14.515,39,103.537,320,322,TRUE,184.396,2,0.550,0.571,1.975,0.768,3d gaze,14.806,-22.463,279.035,,16,3,19.155,19.1,l_4r_3,4Red,POINT,19.129,1331.297,7,100,427,0.510,0.700,53
1182.010,14.657,40,80.859,323,325,FALSE,80.859,1,0.552,0.588,1.748,0.743,3d gaze,15.329,-25.949,269.559,,16,3,19.539,19.484,l_4r_2,4Red,POINT,19.492,1085.469,5,194,436,0.480,0.755,55
1182.390,15.037,41,134.414,334,334,TRUE,1410.326,5,0.576,0.773,2.000,0.742,3d gaze,32.753,-92.762,341.210,,16,3,19.539,19.484,u_4yr_2,4YellowRound,START,19.492,1085.469,5,194,436,0.480,0.755,55
1182.528,15.175,42,498.747,334,343,TRUE,1275.912,4,0.565,0.784,1.918,0.720,3d gaze,23.776,-83.138,294.952,,16,3,19.649,19.594,u_4yr_4,4YellowRound,STOP,19.700,891.721,4,89,438,0.510,0.723,56
1183.030,15.678,43,307.840,343,349,TRUE,777.165,3,0.573,0.780,1.860,0.824,3d gaze,27.740,-83.684,300.960,,16,3,19.704,19.649,l_4r_3,4Red,POINT,19.700,891.721,4,89,438,0.510,0.723,56
1183.347,15.995,44,167.612,350,354,TRUE,469.325,2,0.563,0.793,1.791,0.804,3d gaze,23.547,-90.105,309.459,,16,3,19.813,19.758,l_2dr_1,2DarkRed,POINT,19.805,803.004,3,196,438,0.521,0.729,57
1183.523,16.170,45,301.712,355,361,FALSE,301.712,1,0.569,0.773,1.072,0.772,3d gaze,26.282,-83.818,309.621,,16,3,20.198,20.143,u_4yr_2,4YellowRound,STOP,20.183,485.897,1,486,438,0.502,0.672,59
1183.919,16.566,46,250.559,364,370,FALSE,250.559,1,0.438,0.680,1.178,0.793,3d gaze,-18.252,-27.389,150.034,,16,3,20.198,20.143,u_4yr_4,4YellowRound,START,20.183,485.897,1,486,438,0.502,0.672,59
1184.405,17.053,47,485.135,376,386,TRUE,735.302,2,0.575,0.735,1.947,0.864,3d gaze,25.739,-63.990,273.079,,16,3,20.362,20.307,l_4r_1,4Red,POINT,20.183,485.897,1,486,438,0.502,0.672,59
1184.907,17.555,48,250.168,386,391,FALSE,250.168,1,0.566,0.735,1.499,0.756,3d gaze,21.213,-61.821,264.283,,16,3,20.362,20.307,l_4r_2,4Red,POINT,20.183,485.897,1,486,438,0.502,0.672,59
1185.240,17.888,49,253.584,393,399,TRUE,770.983,3,0.530,0.633,1.994,0.740,3d gaze,5.502,-34.795,253.318,,16,3,20.746,20.691,u_4r_4,4Red,START,20.854,430.065,1,430,441,0.442,0.698,60
1185.495,18.142,50,140.548,399,402,TRUE,517.398,2,0.514,0.621,1.998,0.757,3d gaze,-0.735,-32.179,255.839,,16,3,21.734,21.679,l_2dr_1,2DarkRed,POINT,21.657,946.806,5,81,462,0.495,0.742,61
1185.639,18.286,51,376.851,402,413,FALSE,376.851,1,0.498,0.621,1.420,0.714,3d gaze,-6.793,-30.409,241.837,,16,3,21.734,21.679,l_4r_3,4Red,POINT,21.657,946.806,5,81,462,0.495,0.742,61
1186.386,19.034,52,82.251,424,426,TRUE,1413.548,8,0.508,0.687,1.990,0.779,3d gaze,-3.284,-49.913,265.747,,16,3,22.722,22.667,l_4r_4,4Red,POINT,22.781,722.349,3,428,494,0.532,0.737,63
1186.482,19.129,53,99.927,427,429,TRUE,1331.297,7,0.510,0.700,0.870,0.754,3d gaze,-2.208,-51.569,257.554,,16,3,23.436,23.381,u_4r_4,4Red,STOP,23.438,82.412,1,82,512,0.536,0.764,65
1186.678,19.325,54,145.900,431,435,TRUE,1231.369,6,0.468,0.747,2.001,0.710,3d gaze,-18.143,-58.863,239.895,,16,3,23.491,23.436,l_4yr_2,4YellowRound,POINT,23.438,82.412,1,82,512,0.536,0.764,65
1186.845,19.492,55,193.749,436,438,TRUE,1085.469,5,0.480,0.755,1.347,0.689,3d gaze,-14.115,-62.318,246.404,,16,3,23.546,23.491,l_2dr_1,2DarkRed,POINT,23.438,82.412,1,82,512,0.536,0.764,65
1187.053,19.700,56,88.717,438,438,TRUE,891.721,4,0.510,0.723,1.700,0.761,3d gaze,-2.051,-53.750,242.005,,16,3,23.546,23.491,u_4yr_4,4YellowRound,STOP,23.438,82.412,1,82,512,0.536,0.764,65
1187.157,19.805,57,196.182,438,438,TRUE,803.004,3,0.521,0.729,1.869,0.705,3d gaze,1.879,-56.280,247.300,,16,3,24.479,24.424,l_2dr_1,2DarkRed,POINT,24.366,331.400,1,331,538,0.538,0.697,66
1187.393,20.040,58,120.925,438,438,TRUE,606.822,2,0.508,0.693,1.441,0.769,3d gaze,-3.179,-52.529,271.544,,16,3,24.588,24.533,u_4yr_1,4YellowRound,START,24.366,331.400,1,331,538,0.538,0.697,66
1187.535,20.183,59,485.897,438,439,FALSE,485.897,1,0.502,0.672,1.871,0.758,3d gaze,-5.730,-48.308,278.145,,16,3,24.973,24.918,u_4yr_1,4YellowRound,STOP,24.973,1018.435,4,283,552,0.383,0.718,67
1188.207,20.854,60,430.065,441,452,FALSE,430.065,1,0.442,0.698,1.002,0.712,3d gaze,-29.867,-50.972,256.025,,16,3,25.027,24.972,l_4yr_2,4YellowRound,POINT,24.973,1018.435,4,283,552,0.383,0.718,67
1189.010,21.657,61,81.402,462,464,TRUE,946.806,5,0.495,0.742,1.972,0.679,3d gaze,-8.640,-64.388,267.657,,16,3,25.027,24.972,u_4yr_4,4YellowRound,START,24.973,1018.435,4,283,552,0.383,0.718,67
1189.968,22.615,62,143.055,489,493,TRUE,865.404,4,0.518,0.741,1.956,0.705,3d gaze,1.270,-67.259,282.176,,16,3,25.082,25.027,l_4r_1,4Red,POINT,24.973,1018.435,4,283,552,0.383,0.718,67
1190.133,22.781,63,427.761,494,505,TRUE,722.349,3,0.532,0.737,1.896,0.730,3d gaze,8.105,-74.977,319.336,,16,3,25.576,25.521,u_4yr_4,4YellowRound,STOP,25.565,651.587,2,454,568,0.389,0.723,69
1190.569,23.216,64,212.176,505,512,TRUE,294.588,2,0.551,0.740,1.685,0.721,3d gaze,17.582,-74.667,312.968,,16,3,25.686,25.631,l_4yr_1,4YellowRound,POINT,25.565,651.587,2,454,568,0.389,0.723,69
1190.790,23.438,65,82.412,512,514,FALSE,82.412,1,0.536,0.764,1.887,0.711,3d gaze,9.717,-77.210,295.345,,16,3,25.686,25.631,u_4yr_1,4YellowRound,START,25.565,651.587,2,454,568,0.389,0.723,69
1191.719,24.366,66,331.400,538,546,FALSE,331.400,1,0.538,0.697,1.582,0.742,3d gaze,9.744,-54.773,277.870,,16,3,26.015,25.96,l_4yr_2,4YellowRound,POINT,26.068,197.324,1,197,582,0.398,0.717,70
1192.325,24.973,67,283.192,552,560,TRUE,1018.435,4,0.383,0.718,1.937,0.816,3d gaze,-55.827,-58.008,261.879,,16,3,26.015,25.96,u_4yr_1,4YellowRound,STOP,26.068,197.324,1,197,582,0.398,0.717,70
1192.622,25.269,68,83.656,560,562,TRUE,735.243,3,0.399,0.731,0.544,0.748,3d gaze,-49.074,-61.124,262.784,,16,3,26.564,26.509,l_2dr_1,2DarkRed,POINT,26.446,7623.593,19,411,592,0.506,0.724,71
1192.918,25.565,69,454.263,568,581,TRUE,651.587,2,0.389,0.723,0.958,0.656,3d gaze,-53.294,-59.282,262.215,,16,3,26.564,26.509,u_4yr_2,4YellowRound,START,26.446,7623.593,19,411,592,0.506,0.724,71
1193.421,26.068,70,197.324,582,587,FALSE,197.324,1,0.398,0.717,1.947,0.709,3d gaze,-48.331,-56.109,255.736,,16,3,27.003,26.948,u_4yr_2,4YellowRound,STOP,27.001,7212.823,18,364,606,0.476,0.676,72
1193.799,26.446,71,410.770,592,602,TRUE,7623.593,19,0.506,0.724,1.998,0.737,3d gaze,-4.256,-65.990,296.315,,16,3,27.113,27.058,l_4r_4,4Red,POINT,27.001,7212.823,18,364,606,0.476,0.676,72
1194.354,27.001,72,363.707,606,614,TRUE,7212.823,18,0.476,0.676,1.606,0.692,3d gaze,-17.795,-50.740,285.656,,16,3,27.387,27.332,l_4yr_2,4YellowRound,POINT,27.001,7212.823,18,364,606,0.476,0.676,72
1195.443,28.090,73,84.249,620,620,TRUE,6849.116,17,0.469,0.695,1.739,0.677,3d gaze,-16.478,-44.536,227.082,,16,3,27.387,27.332,u_2dr_1,2DarkRed,START,27.001,7212.823,18,364,606,0.476,0.676,72
1195.533,28.180,74,184.543,620,621,TRUE,6764.867,16,0.478,0.718,1.935,0.688,3d gaze,-13.187,-47.671,219.732,,16,3,27.387,27.332,u_4yr_1,4YellowRound,START,27.001,7212.823,18,364,606,0.476,0.676,72
1195.721,28.369,75,221.839,621,622,TRUE,6580.324,15,0.466,0.748,1.930,0.833,3d gaze,-17.342,-54.262,220.407,,16,3,34.962,34.907,BC,BrickClick,POINT,34.971,112.439,1,112,753,0.489,0.832,89
1195.948,28.595,76,393.117,622,630,TRUE,6358.485,14,0.470,0.776,2.001,0.910,3d gaze,-15.651,-58.920,215.465,,16,3,34.962,34.907,u_4yr_1,4YellowRound,STOP,34.971,112.439,1,112,753,0.489,0.832,89
1196.344,28.991,77,497.687,630,638,TRUE,5965.368,13,0.477,0.801,1.333,0.918,3d gaze,-13.567,-64.702,216.334,,16,3,35.016,34.961,u_2dr_1,2DarkRed,STOP,34.971,112.439,1,112,753,0.489,0.832,89
1196.860,29.508,78,492.305,639,648,TRUE,5467.681,12,0.479,0.820,0.911,0.909,3d gaze,-12.931,-69.810,219.285,,16,3,35.071,35.016,u_conf,Configuration,START,35.101,342.866,2,254,755,0.540,0.786,90
1197.373,30.021,79,497.173,649,659,TRUE,4975.377,11,0.478,0.830,1.217,0.904,3d gaze,-13.828,-74.377,226.463,,16,3,35.126,35.071,l_conf,Configuration,POINT,35.101,342.866,2,254,755,0.540,0.786,90
1197.875,30.522,80,486.070,659,670,TRUE,4478.204,10,0.475,0.842,1.121,0.944,3d gaze,-14.987,-77.645,227.434,,16,3,35.236,35.181,l_4yr_2,4YellowRound,POINT,35.361,88.453,1,88,761,0.541,0.779,91
1198.378,31.025,81,491.869,671,680,TRUE,3992.134,9,0.476,0.845,0.718,0.951,3d gaze,-14.533,-77.064,223.763,,16,3,35.675,35.62,u_4yr_2,4YellowRound,START,35.753,4156.679,9,499,772,0.466,0.803,92
1198.891,31.538,82,494.116,681,690,TRUE,3500.265,8,0.474,0.852,0.732,0.935,3d gaze,-15.257,-78.107,222.123,,16,3,35.95,35.895,l_base,Base,START,35.753,4156.679,9,499,772,0.466,0.803,92
1199.393,32.040,83,497.311,691,702,TRUE,3006.149,7,0.471,0.852,0.931,0.934,3d gaze,-16.048,-77.028,218.939,,16,3,40.834,40.779,u_4yr_2,4YellowRound,STOP,40.933,639.921,3,110,863,0.436,0.735,106
1199.894,32.541,84,499.658,702,711,TRUE,2508.839,6,0.472,0.863,1.279,0.942,3d gaze,-15.717,-79.385,218.535,,16,3,41.054,40.999,l_1t,1transparent,POINT,41.096,529.543,2,344,868,0.456,0.704,107
1200.403,33.051,85,497.769,711,725,TRUE,2009.181,5,0.474,0.871,0.418,0.922,3d gaze,-15.530,-84.799,228.018,,16,3,41.712,41.657,remove,Remove,POINT,41.788,185.076,1,185,885,0.476,0.738,108
1200.905,33.552,86,403.844,725,732,TRUE,1511.412,4,0.474,0.866,1.506,0.879,3d gaze,-15.636,-84.187,229.836,,16,3,41.712,41.657,u_conf,Configuration,STOP,41.788,185.076,1,185,885,0.476,0.738,108
1201.320,33.967,87,497.026,732,742,TRUE,1107.568,3,0.481,0.834,1.057,0.900,3d gaze,-12.716,-75.243,226.149,,16,3,41.932,41.877,l_2dr_1,2DarkRed,POINT,41.788,185.076,1,185,885,0.476,0.738,108
1201.822,34.469,88,498.102,742,752,TRUE,610.541,2,0.486,0.846,1.997,0.919,3d gaze,-11.145,-79.910,231.389,,16,3,42.7,42.645,u_2dr_2,2DarkRed,START,42.957,2396.804,7,99,916,0.471,0.630,110
1202.324,34.971,89,112.439,753,755,FALSE,112.439,1,0.489,0.832,1.048,0.903,3d gaze,-10.897,-82.224,248.840,,16,3,43.963,43.908,u_conf,Configuration,START,44.120,1396.135,4,497,944,0.473,0.680,113
1202.454,35.101,90,254.413,755,761,TRUE,342.866,2,0.540,0.786,1.920,0.814,3d gaze,11.485,-83.078,292.989,,16,3,44.018,43.963,u_2dr_2,2DarkRed,STOP,44.120,1396.135,4,497,944,0.473,0.680,113
1202.714,35.361,91,88.453,761,763,FALSE,88.453,1,0.541,0.779,0.446,0.771,3d gaze,12.340,-83.539,301.982,,16,3,45.06,45.005,l_conf,Configuration,POINT,45.148,471.944,2,326,973,0.459,0.710,115
1203.105,35.753,92,498.854,772,783,TRUE,4156.679,9,0.466,0.803,1.817,0.796,3d gaze,-20.943,-78.567,260.969,,16,3,46.378,46.323,l_3_os,3Orange,POINT,46.434,496.933,1,497,1004,0.396,0.717,119
1203.610,36.257,93,367.274,783,791,TRUE,3657.824,8,0.466,0.801,1.203,0.777,3d gaze,-20.226,-76.619,255.899,,16,3,46.542,46.487,l_3_om,3Orange,POINT,46.434,496.933,1,497,1004,0.396,0.717,119
1203.985,36.633,94,355.809,791,800,TRUE,3290.550,7,0.486,0.787,1.615,0.853,3d gaze,-11.347,-69.561,245.078,,16,3,46.597,46.542,l_1t,1transparent,POINT,46.434,496.933,1,497,1004,0.396,0.717,119
1204.350,36.997,95,498.403,800,812,TRUE,2934.741,6,0.484,0.798,1.423,0.827,3d gaze,-12.257,-70.559,238.125,,16,3,47.256,47.201,u_3_os,3Orange,START,47.326,4855.483,12,493,1026,0.481,0.700,120
1204.852,37.499,96,497.680,812,823,TRUE,2436.339,5,0.483,0.827,1.900,0.942,3d gaze,-12.642,-78.618,241.667,,16,3,47.475,47.42,l_conf,Configuration,POINT,47.326,4855.483,12,493,1026,0.481,0.700,120
1205.353,38.001,97,497.769,823,830,TRUE,1938.659,4,0.477,0.840,0.397,0.923,3d gaze,-14.759,-80.002,236.144,,16,3,51.043,50.988,BC,BrickClick,POINT,50.935,1749.275,5,496,1091,0.499,0.732,127
1205.855,38.502,98,499.943,830,830,TRUE,1440.890,3,0.474,0.843,0.444,0.921,3d gaze,-15.686,-79.522,232.695,,16,3,51.043,50.988,u_conf,Configuration,STOP,50.935,1749.275,5,496,1091,0.499,0.732,127
1206.359,39.006,99,498.395,830,831,TRUE,940.947,2,0.468,0.854,1.143,0.847,3d gaze,-17.836,-80.455,227.501,,16,3,51.262,51.207,u_3_os,3Orange,STOP,51.530,1253.626,4,419,1106,0.495,0.749,128
1206.862,39.509,100,442.552,831,837,FALSE,442.552,1,0.464,0.857,0.914,0.801,3d gaze,-19.394,-81.775,228.710,,16,3,51.921,51.866,u_base,Base,START,51.956,834.605,3,498,1117,0.488,0.764,129
1207.347,39.994,101,111.175,838,841,TRUE,441.213,3,0.466,0.913,1.867,0.855,3d gaze,-23.764,-119.393,285.164,,16,3,52.305,52.25,l_base,Base,STOP,51.956,834.605,3,498,1117,0.488,0.764,129
1207.473,40.120,102,246.999,841,848,TRUE,330.038,2,0.434,0.895,1.997,0.902,3d gaze,-43.633,-128.881,321.630,,16,3,53.348,53.293,l_4yr_3,4YellowRound,POINT,53.244,115.252,1,115,1152,0.548,0.679,132
1207.727,40.374,103,83.039,848,850,FALSE,83.039,1,0.431,0.877,1.036,0.955,3d gaze,-46.657,-126.582,331.806,,16,3,53.458,53.403,u_4yr_1,4YellowRound,START,53.463,14157.832,37,322,1156,0.517,0.742,133
1207.887,40.535,104,80.693,852,854,TRUE,840.603,5,0.411,0.786,1.984,0.874,3d gaze,-57.382,-97.524,339.999,,16,3,54.226,54.171,l_base,Base,START,54.432,13228.049,34,204,1184,0.512,0.755,136
1207.975,40.622,105,119.989,855,858,TRUE,759.910,4,0.410,0.765,0.873,0.831,3d gaze,-58.441,-91.013,341.757,,16,3,60.209,60.154,BC,BrickClick,POINT,60.531,7617.525,20,125,1280,0.435,0.872,150
1208.286,40.933,106,110.378,863,866,TRUE,639.921,3,0.436,0.735,1.045,0.745,3d gaze,-44.084,-81.490,347.167,,16,3,60.209,60.154,u_4yr_1,4YellowRound,STOP,60.531,7617.525,20,125,1280,0.435,0.872,150
1208.449,41.096,107,344.467,868,875,TRUE,529.543,2,0.456,0.704,1.856,0.693,3d gaze,-22.117,-48.325,236.275,,16,3,60.977,60.922,u_4yr_4,4YellowRound,START,60.869,7294.923,18,274,1280,0.473,0.852,152
1209.140,41.788,108,185.076,885,890,FALSE,185.076,1,0.476,0.738,1.026,0.800,3d gaze,-14.656,-55.230,233.713,,16,3,63.776,63.721,BC,BrickClick,POINT,63.535,4658.714,12,500,1288,0.505,0.862,158
1209.766,42.414,109,460.987,901,913,TRUE,2857.791,8,0.438,0.625,1.875,0.715,3d gaze,-28.633,-30.936,236.982,,16,3,63.776,63.721,u_4yr_4,4YellowRound,STOP,63.535,4658.714,12,500,1288,0.505,0.862,158
1210.310,42.957,110,99.385,916,918,TRUE,2396.804,7,0.471,0.630,1.830,0.727,3d gaze,-21.630,-41.883,309.338,,16,3,66.905,66.85,remove,Remove,POINT,66.860,1369.474,4,492,1301,0.485,0.819,166
1210.418,43.066,111,431.655,918,930,TRUE,2297.419,6,0.471,0.646,1.788,0.708,3d gaze,-21.565,-45.886,306.467,,16,3,69.265,69.21,remove,Remove,POINT,69.383,284.360,1,284,1354,0.465,0.807,173
1210.933,43.581,112,469.629,930,943,TRUE,1865.764,5,0.471,0.671,1.550,0.723,3d gaze,-20.505,-50.790,293.535,,16,3,70.252,70.197,remove,Remove,POINT,70.374,284.369,1,284,1379,0.492,0.679,175
1211.473,44.120,113,496.847,944,959,TRUE,1396.135,4,0.473,0.680,1.806,0.713,3d gaze,-19.099,-51.342,283.552,,16,3,71.076,71.021,u_conf,Configuration,START,71.070,103.326,1,103,1398,0.445,0.791,176
1211.976,44.623,114,427.344,959,970,TRUE,899.288,3,0.472,0.712,1.168,0.745,3d gaze,-19.023,-57.845,273.818,,16,3,71.679,71.624,l_3_ob,3Orange,POINT,71.815,308.083,2,202,1412,0.385,0.794,179
1212.501,45.148,115,325.766,973,981,TRUE,471.944,2,0.459,0.710,1.162,0.665,3d gaze,-23.064,-54.280,258.401,,16,3,71.734,71.679,remove,Remove,POINT,71.815,308.083,2,202,1412,0.385,0.794,179
1213.079,45.726,116,146.178,988,990,FALSE,146.178,1,0.470,0.717,0.968,0.717,3d gaze,-18.688,-55.815,257.975,,16,3,72.558,72.503,u_conf,Configuration,STOP,72.561,2133.095,7,249,1413,0.552,0.841,183
1213.431,46.078,117,126.736,996,999,FALSE,126.736,1,0.517,0.820,1.190,0.866,3d gaze,0.453,-107.238,337.084,,16,3,72.997,72.942,u_3_ob,3Orange,START,73.173,1884.456,6,222,1420,0.560,0.799,184
1213.632,46.279,118,145.730,1000,1004,TRUE,642.663,2,0.398,0.745,1.929,0.738,3d gaze,-56.537,-74.318,300.248,,16,3,75.027,74.972,l_4yr_3,4YellowRound,POINT,75.146,361.779,2,148,1470,0.455,0.736,190
1213.786,46.434,119,496.933,1004,1016,FALSE,496.933,1,0.396,0.717,1.784,0.736,3d gaze,-56.915,-65.371,297.335,,16,3,75.192,75.137,l_4yr_2,4YellowRound,POINT,75.146,361.779,2,148,1470,0.455,0.736,190
1214.679,47.326,120,492.942,1026,1039,TRUE,4855.483,12,0.481,0.700,1.829,0.757,3d gaze,-16.698,-60.780,304.288,,16,3,75.357,75.302,l_4yr_1,4YellowRound,POINT,75.146,361.779,2,148,1470,0.455,0.736,190
1215.192,47.840,121,497.865,1040,1044,TRUE,4362.541,11,0.488,0.716,0.901,0.756,3d gaze,-13.504,-65.755,305.786,,16,3,75.741,75.686,u_2dr_1,2DarkRed,START,75.146,361.779,2,148,1470,0.455,0.736,190
1215.698,48.345,122,499.327,1044,1045,TRUE,3864.676,10,0.490,0.720,0.876,0.761,3d gaze,-12.222,-66.342,303.150,,16,3,76.4,76.345,u_3_ob,3Orange,STOP,76.668,213.757,1,214,1511,0.476,0.781,191
1216.214,48.861,123,492.511,1045,1055,TRUE,3365.349,9,0.491,0.728,0.625,0.752,3d gaze,-11.601,-67.440,297.332,,16,3,76.839,76.784,l_3_os,3Orange,POINT,76.668,213.757,1,214,1511,0.476,0.781,191
1216.718,49.365,124,271.983,1055,1061,TRUE,2872.838,8,0.492,0.735,0.836,0.761,3d gaze,-10.928,-69.243,296.796,,16,3,76.839,76.784,l_4r_1,4Red,POINT,76.668,213.757,1,214,1511,0.476,0.781,191
1217.035,49.682,125,498.987,1061,1072,TRUE,2600.855,7,0.490,0.734,1.784,0.746,3d gaze,-11.666,-69.016,296.939,,16,3,76.839,76.784,l_4r_2,4Red,POINT,76.668,213.757,1,214,1511,0.476,0.781,191
1217.586,50.234,126,352.593,1073,1083,TRUE,2101.868,6,0.495,0.741,1.822,0.724,3d gaze,-9.892,-73.441,307.533,,16,3,77.113,77.058,u_2dr_1,2DarkRed,STOP,77.325,499.984,2,175,1526,0.537,0.695,192
1218.287,50.935,127,495.649,1091,1103,TRUE,1749.275,5,0.499,0.732,1.705,0.724,3d gaze,-8.225,-73.919,320.279,,16,3,77.387,77.332,l_3_ob,3Orange,POINT,77.325,499.984,2,175,1526,0.537,0.695,192
1218.883,51.530,128,419.021,1106,1117,TRUE,1253.626,4,0.495,0.749,1.586,0.746,3d gaze,-10.471,-78.774,318.904,,16,3,77.387,77.332,u_2dr_2,2DarkRed,START,77.325,499.984,2,175,1526,0.537,0.695,192
1219.309,51.956,129,498.349,1117,1130,TRUE,834.605,3,0.488,0.764,1.780,0.714,3d gaze,-13.547,-79.943,305.052,,16,3,77.662,77.607,u_2dr_2,2DarkRed,STOP,77.536,324.619,1,325,1531,0.549,0.702,193
1220.134,52.781,130,175.840,1140,1145,TRUE,336.256,2,0.488,0.735,1.836,0.744,3d gaze,-13.425,-70.826,302.837,,16,3,77.936,77.881,u_3_ob,3Orange,START,77.910,142.836,1,143,1542,0.499,0.627,194
1220.330,52.977,131,160.417,1145,1149,FALSE,160.417,1,0.487,0.735,1.877,0.735,3d gaze,-13.389,-68.575,294.196,,16,3,78.046,77.991,u_2dr_1,2DarkRed,START,78.153,2585.339,8,169,1548,0.522,0.709,195
1220.597,53.244,132,115.252,1152,1153,FALSE,115.252,1,0.548,0.679,1.430,0.778,3d gaze,15.555,-54.982,305.437,,16,3,78.321,78.266,l_3_ob,3Orange,POINT,78.332,2416.794,7,224,1553,0.531,0.706,196
1220.815,53.463,133,321.637,1156,1165,TRUE,14157.832,37,0.517,0.742,1.673,0.724,3d gaze,0.848,-75.551,315.637,,16,3,81.943,81.888,u_2dr_1,2DarkRed,STOP,82.129,5209.872,12,180,1634,0.517,0.714,206
1221.145,53.792,134,115.469,1166,1169,TRUE,13836.195,36,0.524,0.746,1.991,0.727,3d gaze,4.685,-82.606,338.738,,16,3,81.998,81.943,l_2dr_2,2DarkRed,POINT,82.129,5209.872,12,180,1634,0.517,0.714,206
1221.265,53.912,135,492.677,1169,1183,TRUE,13720.726,35,0.517,0.750,1.078,0.739,3d gaze,0.932,-82.949,335.275,,16,3,82.108,82.053,l_3_ob,3Orange,POINT,82.129,5209.872,12,180,1634,0.517,0.714,206
1221.785,54.432,136,203.806,1184,1189,TRUE,13228.049,34,0.512,0.755,1.597,0.721,3d gaze,-1.895,-79.863,315.861,,16,3,82.108,82.053,u_3_om,3Orange,START,82.129,5209.872,12,180,1634,0.517,0.714,206
1221.996,54.643,137,105.536,1189,1192,TRUE,13024.242,33,0.495,0.775,1.793,0.681,3d gaze,-9.046,-77.539,284.102,,16,3,84.138,84.083,BC,BrickClick,POINT,84.038,3472.013,7,303,1676,0.502,0.725,211
1222.121,54.768,138,183.839,1192,1197,TRUE,12918.706,32,0.484,0.799,1.785,0.746,3d gaze,-15.820,-92.309,311.168,,16,3,84.248,84.193,u_3_om,3Orange,STOP,84.365,3169.362,6,372,1686,0.486,0.724,212
1222.313,54.960,139,339.194,1198,1207,TRUE,12734.867,31,0.489,0.833,1.893,0.743,3d gaze,-12.267,-92.648,280.222,,16,3,84.358,84.303,l_conf,Configuration,POINT,84.365,3169.362,6,372,1686,0.486,0.724,212
1222.688,55.335,140,497.312,1207,1218,TRUE,12395.673,30,0.483,0.839,1.241,0.868,3d gaze,-12.297,-79.246,234.668,,16,3,84.358,84.303,u_3_ob,3Orange,STOP,84.365,3169.362,6,372,1686,0.486,0.724,212
1223.188,55.836,141,497.979,1218,1229,TRUE,11898.361,29,0.479,0.844,0.602,0.851,3d gaze,-14.012,-81.667,237.870,,16,3,84.358,84.303,u_conf,Configuration,START,84.365,3169.362,6,372,1686,0.486,0.724,212
1223.692,56.339,142,492.552,1229,1239,TRUE,11400.382,28,0.475,0.850,1.255,0.821,3d gaze,-15.428,-81.870,234.040,,16,3,84.468,84.413,l_2dr_1,2DarkRed,POINT,84.365,3169.362,6,372,1686,0.486,0.724,212
1224.200,56.847,143,497.946,1240,1250,TRUE,10907.830,27,0.472,0.872,0.822,0.789,3d gaze,-17.107,-89.760,240.690,,16,3,84.742,84.687,u_2dr_1,2DarkRed,START,84.979,2797.727,5,470,1698,0.499,0.701,213
1224.704,57.351,144,497.875,1251,1259,TRUE,10409.884,26,0.472,0.870,0.529,0.784,3d gaze,-17.552,-89.854,242.597,,16,3,87.816,87.761,u_conf,Configuration,STOP,87.682,489.916,1,490,1768,0.484,0.705,217
1225.208,57.856,145,498.751,1259,1259,TRUE,9912.009,25,0.464,0.878,1.429,0.797,3d gaze,-20.602,-91.344,240.448,,16,3,87.925,87.87,BC,BrickClick,POINT,87.682,489.916,1,490,1768,0.484,0.705,217
1225.711,58.358,146,496.499,1259,1260,TRUE,9413.258,24,0.457,0.885,0.468,0.808,3d gaze,-23.031,-92.351,237.933,,16,3,87.925,87.87,u_2dr_1,2DarkRed,STOP,87.682,489.916,1,490,1768,0.484,0.705,217
1226.212,58.859,147,499.130,1260,1270,TRUE,8916.760,23,0.461,0.883,0.473,0.789,3d gaze,-21.724,-93.332,242.048,,16,3,87.98,87.925,u_base,Base,STOP,87.682,489.916,1,490,1768,0.484,0.705,217
1226.716,59.363,148,496.383,1270,1274,TRUE,8417.630,22,0.461,0.883,0.668,0.791,3d gaze,-22.039,-93.787,243.025,,16,3,88.09,88.035,l_base,Base,STOP,88.313,202.665,1,203,1779,0.508,0.874,218
1227.216,59.863,149,303.721,1274,1277,TRUE,7921.246,21,0.462,0.884,0.902,0.799,3d gaze,-22.598,-98.523,254.605,,16,3,88.255,88.2,l_3_os,3Orange,POINT,88.313,202.665,1,203,1779,0.508,0.874,218
1227.884,60.531,150,125.486,1280,1280,TRUE,7617.525,20,0.435,0.872,2.004,0.940,3d gaze,-37.933,-107.110,285.163,,16,3,88.584,88.529,l_2dr_2,2DarkRed,POINT,88.609,397.452,2,182,1783,0.395,0.854,219
1228.013,60.661,151,197.115,1280,1280,TRUE,7492.039,19,0.460,0.860,1.969,0.886,3d gaze,-25.856,-102.202,283.257,,16,3,89.023,88.968,l_3_os,3Orange,POINT,89.069,298.234,1,298,1791,0.494,0.833,221
1228.221,60.869,152,274.469,1280,1281,TRUE,7294.923,18,0.473,0.852,1.877,0.933,3d gaze,-19.302,-96.506,274.233,,16,3,89.297,89.242,u_2dr_2,2DarkRed,START,89.403,252.839,2,164,1799,0.561,0.870,222
1228.506,61.154,153,366.193,1281,1281,TRUE,7020.455,17,0.494,0.837,1.990,0.961,3d gaze,-9.752,-94.761,282.326,,16,3,89.517,89.462,l_base,Base,START,89.569,89.167,1,89,1801,0.541,0.847,223
1228.875,61.522,154,498.914,1281,1282,TRUE,6654.262,16,0.514,0.827,1.116,0.949,3d gaze,-0.818,-92.915,286.260,,16,3,96.378,96.323,remove,Remove,POINT,96.804,1839.330,7,336,1839,0.480,0.765,230
1229.378,62.026,155,499.630,1282,1283,TRUE,6155.348,15,0.516,0.831,1.902,0.838,3d gaze,0.017,-95.942,291.846,,16,3,99.506,99.451,remove,Remove,POINT,99.433,269.476,2,189,1879,0.551,0.883,238
1229.883,62.530,156,497.543,1283,1285,TRUE,5655.718,14,0.518,0.855,0.769,0.840,3d gaze,0.863,-103.078,291.203,,16,3,100.22,100.165,l_3_os,3Orange,POINT,100.443,615.284,2,493,1889,0.557,1.330,242
1230.384,63.032,157,499.461,1285,1288,TRUE,5158.175,13,0.515,0.860,0.908,0.834,3d gaze,-0.500,-101.734,283.507,,16,3,100.549,100.494,l_base,Base,STOP,100.443,615.284,2,493,1889,0.557,1.330,242
1230.887,63.535,158,499.710,1288,1290,TRUE,4658.714,12,0.505,0.862,1.106,0.840,3d gaze,-4.959,-102.644,283.898,,16,3,100.933,100.878,u_2dr_2,2DarkRed,STOP,100.952,121.801,1,122,1901,0.558,1.332,243
1231.390,64.037,159,497.848,1290,1292,TRUE,4159.004,11,0.500,0.863,1.089,0.822,3d gaze,-7.436,-103.543,285.558,,16,3,102.909,102.854,l_2dr_1,2DarkRed,POINT,102.662,335.887,1,336,1930,0.506,0.856,248
1231.892,64.540,160,499.251,1292,1296,TRUE,3661.157,10,0.499,0.849,0.733,0.795,3d gaze,-8.041,-100.677,289.403,,16,3,102.964,102.909,l_4yr_2,4YellowRound,POINT,103.257,1851.636,8,128,1932,0.543,0.792,249
1232.396,65.043,161,496.175,1296,1298,TRUE,3161.906,9,0.484,0.839,1.587,0.798,3d gaze,-13.968,-92.582,274.058,,16,3,103.238,103.183,l_4yr_3,4YellowRound,POINT,103.257,1851.636,8,128,1932,0.543,0.792,249
1232.896,65.543,162,499.619,1298,1299,TRUE,2665.731,8,0.491,0.836,0.639,0.818,3d gaze,-10.875,-92.521,276.913,,16,3,103.787,103.732,u_2dr_1,2DarkRed,START,103.699,1474.712,5,500,1940,0.515,0.736,252
1233.400,66.048,163,499.237,1299,1300,TRUE,2166.112,7,0.493,0.831,0.721,0.773,3d gaze,-10.433,-93.311,283.488,,16,3,105.104,105.049,u_4r_4,4Red,START,105.114,80.967,1,81,1964,0.516,0.795,256
1233.904,66.551,164,196.685,1300,1301,TRUE,1666.875,6,0.482,0.842,2.004,0.749,3d gaze,-15.900,-97.692,286.965,,16,3,107.794,107.739,u_2dr_1,2DarkRed,STOP,107.756,1112.234,5,146,1987,0.455,0.743,264
1234.104,66.752,165,100.716,1301,1301,TRUE,1470.190,5,0.474,0.841,1.974,0.781,3d gaze,-20.619,-102.797,302.421,,16,3,108.178,108.123,u_4r_4,4Red,STOP,108.188,736.380,3,170,1998,0.448,0.763,266
1234.213,66.860,166,492.096,1301,1302,TRUE,1369.474,4,0.485,0.819,1.672,0.803,3d gaze,-16.165,-102.943,324.961,,16,3,108.507,108.452,u_4yr_1,4YellowRound,START,108.363,565.905,2,274,1999,0.452,0.746,267
1234.713,67.360,167,263.164,1302,1304,TRUE,877.377,3,0.483,0.803,1.808,0.768,3d gaze,-16.850,-96.204,319.625,,16,3,108.672,108.617,u_4yr_2,4YellowRound,START,108.652,292.035,1,292,1999,0.466,0.756,268
1235.009,67.657,168,297.712,1305,1313,TRUE,614.214,2,0.484,0.794,1.717,0.748,3d gaze,-15.494,-89.163,305.675,,16,3,108.782,108.727,l_3_os,3Orange,POINT,108.652,292.035,1,292,1999,0.466,0.756,268
1235.339,67.986,169,316.502,1314,1322,FALSE,316.502,1,0.481,0.805,1.703,0.718,3d gaze,-16.328,-87.390,288.714,,16,3,109.001,108.946,u_4yr_1,4YellowRound,STOP,109.036,112.198,1,112,2005,0.464,0.640,269
1235.703,68.351,170,413.721,1324,1336,TRUE,719.270,2,0.495,0.740,1.238,0.767,3d gaze,-9.686,-72.280,304.111,,16,3,109.33,109.275,u_4yr_2,4YellowRound,STOP,109.268,738.327,3,122,2011,0.378,0.744,270
1236.136,68.783,171,305.549,1337,1346,FALSE,305.549,1,0.496,0.738,1.317,0.746,3d gaze,-9.197,-71.531,303.392,,16,3,109.605,109.55,l_2dr_2,2DarkRed,POINT,109.457,615.867,2,498,2014,0.398,0.711,271
1236.495,69.143,172,231.651,1348,1354,TRUE,516.011,2,0.467,0.821,2.001,0.738,3d gaze,-23.046,-94.555,295.730,,16,3,109.605,109.55,u_2dr_2,2DarkRed,START,109.457,615.867,2,498,2014,0.398,0.711,271
1236.736,69.383,173,284.360,1354,1359,FALSE,284.360,1,0.465,0.807,1.990,0.742,3d gaze,-23.084,-86.708,284.139,,16,3,110.318,110.263,l_4yr_4,4YellowRound,POINT,110.113,4298.549,11,484,2026,0.441,0.659,273
1237.045,69.692,174,333.249,1360,1369,FALSE,333.249,1,0.476,0.733,1.990,0.796,3d gaze,-19.572,-72.203,311.918,,16,3,115.368,115.313,u_4yr_4,4YellowRound,START,115.381,100.691,1,101,2100,0.444,0.808,283
1237.727,70.374,175,284.369,1379,1387,FALSE,284.369,1,0.492,0.679,1.903,0.679,3d gaze,-16.289,-80.480,447.344,,16,3,119.319,119.264,BC,BrickClick,POINT,119.036,101.044,1,101,2132,0.486,0.751,292
1238.422,71.070,176,103.326,1398,1400,FALSE,103.326,1,0.445,0.791,1.926,0.769,3d gaze,-48.801,-125.036,430.807,,16,3,119.649,119.594,u_2dr_2,2DarkRed,STOP,119.692,105.539,1,106,2150,0.491,0.643,293
1238.621,71.268,177,123.538,1402,1406,FALSE,123.538,1,0.499,0.828,1.816,0.880,3d gaze,-8.797,-108.201,331.558,,16,3,119.649,119.594,u_4yr_4,4YellowRound,STOP,119.692,105.539,1,106,2150,0.491,0.643,293
1238.778,71.425,178,342.046,1407,1412,FALSE,342.046,1,0.564,0.875,1.424,0.854,3d gaze,29.428,-141.053,375.637,,16,3,119.704,119.649,u_conf,Configuration,START,119.692,105.539,1,106,2150,0.491,0.643,293
1239.167,71.815,179,201.869,1412,1412,TRUE,308.083,2,0.385,0.794,1.963,0.826,3d gaze,-62.233,-86.347,290.326,,16,3,119.813,119.758,l_4yr_3,4YellowRound,POINT,119.873,5350.248,13,212,2153,0.472,0.800,294
1239.377,72.025,180,106.214,1412,1412,FALSE,106.214,1,0.378,0.799,0.817,0.946,3d gaze,-65.145,-87.171,287.802,,16,3,119.978,119.923,l_conf,Configuration,POINT,119.873,5350.248,13,212,2153,0.472,0.800,294
1239.536,72.183,181,165.927,1412,1412,TRUE,2502.088,9,0.510,0.844,1.601,0.983,3d gaze,-3.308,-115.658,338.033,,16,3,120.252,120.197,u_4yr_3,4YellowRound,START,120.093,5138.462,12,413,2154,0.465,0.763,295
1239.707,72.355,182,203.066,1412,1413,TRUE,2336.161,8,0.531,0.868,1.929,0.992,3d gaze,9.108,-134.454,365.807,,16,3,125.576,125.521,BC,BrickClick,POINT,125.753,85.556,1,86,2201,0.445,0.862,307
1239.913,72.561,183,248.639,1413,1413,TRUE,2133.095,7,0.552,0.841,1.975,0.845,3d gaze,23.933,-136.183,400.826,,16,3,125.576,125.521,u_4yr_3,4YellowRound,STOP,125.753,85.556,1,86,2201,0.445,0.862,307
1240.526,73.173,184,221.546,1420,1425,TRUE,1884.456,6,0.560,0.799,1.977,0.750,3d gaze,30.199,-127.235,428.511,,16,3,125.796,125.741,u_conf,Configuration,STOP,125.753,85.556,1,86,2201,0.445,0.862,307
1240.752,73.399,185,111.709,1426,1429,TRUE,1662.910,5,0.541,0.794,1.281,0.723,3d gaze,16.940,-123.637,424.410,,16,3,127.058,127.003,l_base,Base,START,127.353,338.941,1,339,2222,0.424,0.780,310
1240.866,73.513,186,405.621,1429,1441,TRUE,1551.201,4,0.520,0.788,1.963,0.826,3d gaze,2.658,-103.775,363.833,,16,3,127.497,127.442,l_base,Base,STOP,127.353,338.941,1,339,2222,0.424,0.780,310
1241.276,73.923,187,323.669,1441,1450,TRUE,1145.580,3,0.509,0.789,1.917,0.722,3d gaze,-3.750,-99.524,347.105,,16,3,127.607,127.552,l_2dr_1,2DarkRed,POINT,127.724,1403.790,4,492,2223,0.415,0.852,311
1241.604,74.251,188,498.362,1450,1461,TRUE,821.911,2,0.514,0.808,1.019,0.750,3d gaze,-1.037,-112.408,368.187,,16,3,127.827,127.772,u_2dr_1,2DarkRed,START,127.724,1403.790,4,492,2223,0.415,0.852,311
1242.106,74.753,189,323.549,1461,1468,FALSE,323.549,1,0.510,0.796,1.300,0.763,3d gaze,-3.489,-108.493,369.832,,16,3,127.881,127.826,l_3_ob,3Orange,POINT,127.724,1403.790,4,492,2223,0.415,0.852,311
1242.498,75.146,190,148.022,1470,1474,TRUE,361.779,2,0.455,0.736,0.777,0.764,3d gaze,-39.182,-95.323,404.526,,16,3,128.375,128.32,u_2dr_1,2DarkRed,STOP,128.517,627.903,2,380,2234,0.403,0.869,313
1244.020,76.668,191,213.757,1511,1516,FALSE,213.757,1,0.476,0.781,1.568,0.665,3d gaze,-25.340,-111.750,401.317,,16,3,129.144,129.089,u_3_ob,3Orange,START,129.277,1477.232,3,892,2252,0.425,0.705,315
1244.678,77.325,192,175.365,1526,1530,TRUE,499.984,2,0.537,0.695,1.411,0.793,3d gaze,12.150,-68.857,352.430,,16,3,129.638,129.583,l_base,Base,START,129.277,1477.232,3,892,2252,0.425,0.705,315
1244.889,77.536,193,324.619,1531,1540,FALSE,324.619,1,0.549,0.702,1.726,0.763,3d gaze,16.267,-63.410,314.377,,16,3,131.943,131.888,BC,BrickClick,POINT,132.116,336.035,1,336,2280,0.428,0.698,317
1245.263,77.910,194,142.836,1542,1546,FALSE,142.836,1,0.499,0.627,1.233,0.765,3d gaze,-8.424,-42.310,321.564,,16,3,131.943,131.888,u_3_ob,3Orange,STOP,132.116,336.035,1,336,2280,0.428,0.698,317
1245.506,78.153,195,168.545,1548,1553,TRUE,2585.339,8,0.522,0.709,1.825,0.751,3d gaze,3.410,-66.091,317.472,,16,3,133.095,133.04,l_base,Base,STOP,133.197,88.824,1,89,2292,0.473,0.852,318
1245.685,78.332,196,224.183,1553,1560,TRUE,2416.794,7,0.531,0.706,1.671,0.757,3d gaze,7.716,-66.175,322.345,,16,3,133.425,133.37,l_2dr_1,2DarkRed,POINT,133.308,620.601,2,291,2293,0.417,0.903,319
1245.917,78.564,197,426.685,1560,1572,TRUE,2192.611,6,0.520,0.708,1.979,0.704,3d gaze,2.159,-60.951,293.248,,16,3,133.919,133.864,u_2dr_1,2DarkRed,START,133.997,324.583,2,104,2299,0.414,0.710,321
1246.347,78.994,198,442.724,1572,1581,TRUE,1765.926,5,0.528,0.738,1.599,0.766,3d gaze,6.372,-77.858,329.770,,16,3,134.029,133.974,l_base,Base,START,133.997,324.583,2,104,2299,0.414,0.710,321
1246.797,79.444,199,179.066,1582,1586,TRUE,1323.202,4,0.518,0.748,0.887,0.781,3d gaze,1.251,-82.253,335.145,,16,3,134.687,134.632,l_3_os,3Orange,POINT,134.603,284.981,1,285,2311,0.515,0.875,323
1246.987,79.634,200,474.385,1586,1598,TRUE,1144.136,3,0.511,0.744,1.652,0.753,3d gaze,-2.360,-74.440,307.767,,16,3,134.907,134.852,u_2dr_1,2DarkRed,STOP,134.916,302.715,1,303,2315,0.452,0.734,324
1247.491,80.138,201,476.876,1599,1611,TRUE,669.751,2,0.511,0.736,1.076,0.768,3d gaze,-2.248,-74.902,319.641,,16,3,135.236,135.181,l_base,Base,STOP,135.343,83.172,1,83,2321,0.521,0.820,325
1248.016,80.664,202,192.875,1612,1617,FALSE,192.875,1,0.515,0.739,0.904,0.779,3d gaze,-0.406,-78.252,330.404,,16,3,135.346,135.291,l_3_om,3Orange,POINT,135.343,83.172,1,83,2321,0.521,0.820,325
1248.329,80.977,203,214.807,1620,1626,FALSE,214.807,1,0.416,0.853,0.724,0.831,3d gaze,-53.470,-116.039,325.472,,16,3,135.456,135.401,l_4r_4,4Red,POINT,135.449,897.966,2,402,2323,0.572,0.837,326
1248.671,81.318,204,90.060,1629,1631,FALSE,90.060,1,0.482,0.777,0.503,0.814,3d gaze,-19.346,-98.896,360.484,,16,3,135.895,135.84,u_4r_4,4Red,START,135.853,496.432,1,496,2325,0.565,0.819,327
1248.893,81.541,205,328.269,1633,1634,FALSE,328.269,1,0.374,0.800,1.233,0.983,3d gaze,-80.975,-105.752,346.900,,16,3,137.377,137.322,l_base,Base,START,137.400,703.360,2,492,2360,0.485,0.724,329
1249.482,82.129,206,179.635,1634,1634,TRUE,5209.872,12,0.517,0.714,1.075,0.711,3d gaze,0.525,-67.064,315.437,,16,3,137.541,137.486,BC,BrickClick,POINT,137.400,703.360,2,492,2360,0.485,0.724,329
1249.669,82.316,207,143.861,1634,1635,TRUE,5030.237,11,0.493,0.719,1.709,0.659,3d gaze,-9.993,-61.415,282.226,,16,3,137.541,137.486,u_4r_4,4Red,STOP,137.400,703.360,2,492,2360,0.485,0.724,329
1249.813,82.460,208,432.127,1635,1644,TRUE,4886.376,10,0.483,0.712,1.274,0.639,3d gaze,-14.158,-58.754,278.422,,16,3,137.651,137.596,l_base,Base,STOP,137.901,211.144,1,211,2360,0.490,0.729,330
1250.369,83.017,209,483.714,1647,1659,TRUE,4454.249,9,0.499,0.716,1.812,0.714,3d gaze,-7.847,-66.839,310.488,,16,3,137.706,137.651,l_3_os,3Orange,POINT,137.901,211.144,1,211,2360,0.490,0.729,330
1250.879,83.526,210,498.522,1660,1676,TRUE,3970.535,8,0.500,0.722,1.187,0.722,3d gaze,-7.524,-70.068,316.775,,16,3,137.706,137.651,l_4r_2,4Red,POINT,137.901,211.144,1,211,2360,0.490,0.729,330
1251.391,84.038,211,302.651,1676,1685,TRUE,3472.013,7,0.502,0.725,1.479,0.724,3d gaze,-6.661,-71.965,321.525,,16,3,138.09,138.035,u_4r_2,4Red,START,138.191,456.861,2,339,2361,0.510,0.850,331
1251.718,84.365,212,371.635,1686,1692,TRUE,3169.362,6,0.486,0.724,1.413,0.743,3d gaze,-14.032,-67.564,303.078,,16,3,138.255,138.2,l_base,Base,START,138.191,456.861,2,339,2361,0.510,0.850,331
1252.332,84.979,213,469.620,1698,1710,TRUE,2797.727,5,0.499,0.701,1.536,0.740,3d gaze,-7.523,-58.526,291.872,,16,3,138.364,138.309,l_base,Base,STOP,138.534,118.078,1,118,2363,0.520,0.832,332
1252.958,85.605,214,860.985,1714,1735,TRUE,2328.107,4,0.470,0.719,0.879,0.660,3d gaze,-20.299,-61.959,283.583,,16,3,141.218,141.163,BC,BrickClick,POINT,141.231,552.368,2,335,2403,0.490,0.695,341
1253.995,86.642,215,483.940,1740,1751,TRUE,1467.122,3,0.491,0.715,1.022,0.746,3d gaze,-11.257,-60.981,285.086,,16,3,141.383,141.328,u_4r_2,4Red,STOP,141.231,552.368,2,335,2403,0.490,0.695,341
1254.535,87.182,216,493.266,1753,1768,TRUE,983.182,2,0.491,0.707,1.405,0.743,3d gaze,-10.699,-56.616,273.556,,16,3,141.877,141.822,l_3_os,3Orange,POINT,141.888,290.939,2,151,2406,0.514,0.831,343
1255.035,87.682,217,489.916,1768,1777,FALSE,489.916,1,0.484,0.705,0.951,0.746,3d gaze,-12.482,-51.819,253.421,,16,3,141.877,141.822,l_4r_2,4Red,POINT,141.888,290.939,2,151,2406,0.514,0.831,343
1255.666,88.313,218,202.665,1779,1781,FALSE,202.665,1,0.508,0.874,1.033,0.865,3d gaze,-4.553,-131.924,352.021,,16,3,142.151,142.096,l_base,Base,START,142.215,3015.603,8,494,2407,0.511,0.727,345
1255.962,88.609,219,181.528,1783,1787,TRUE,397.452,2,0.395,0.854,2.001,0.926,3d gaze,-64.018,-115.291,320.140,,16,3,142.316,142.261,u_4r_2,4Red,START,142.215,3015.603,8,494,2407,0.511,0.727,345
1256.145,88.792,220,215.924,1787,1790,FALSE,215.924,1,0.399,0.812,1.966,0.904,3d gaze,-55.789,-92.231,292.611,,16,3,149.067,149.012,BC,BrickClick,POINT,149.401,135.663,1,136,2559,0.459,0.863,361
1256.421,89.069,221,298.234,1791,1798,FALSE,298.234,1,0.494,0.833,1.608,0.948,3d gaze,-11.140,-106.488,321.947,,16,3,149.067,149.012,u_4r_2,4Red,STOP,149.401,135.663,1,136,2559,0.459,0.863,361
1256.756,89.403,222,163.671,1799,1801,TRUE,252.839,2,0.561,0.870,1.865,0.911,3d gaze,23.244,-115.213,310.572,,16,3,149.232,149.177,l_base,Base,STOP,149.401,135.663,1,136,2559,0.459,0.863,361
1256.922,89.569,223,89.167,1801,1802,FALSE,89.167,1,0.541,0.847,1.795,0.884,3d gaze,12.001,-100.022,289.547,,16,3,149.671,149.616,l_1t,1transparent,POINT,149.635,1801.590,5,129,2559,0.521,0.696,362
1257.302,89.949,224,459.528,1806,1812,TRUE,1563.715,5,0.473,0.699,0.917,0.754,3d gaze,-18.830,-56.090,281.089,,16,3,151.537,151.482,remove,Remove,POINT,151.684,492.881,2,118,2595,0.443,0.748,367
1257.841,90.488,225,396.263,1812,1814,TRUE,1104.187,4,0.473,0.711,1.955,0.769,3d gaze,-18.729,-59.104,280.451,,16,3,154.501,154.446,l_3_om,3Orange,POINT,154.517,2971.366,8,472,2666,0.540,0.910,373
1258.342,90.989,226,335.247,1814,1815,TRUE,707.924,3,0.471,0.715,0.887,0.684,3d gaze,-19.541,-59.874,279.609,,16,3,154.61,154.555,l_4r_1,4Red,POINT,154.517,2971.366,8,472,2666,0.540,0.910,373
1258.878,91.525,227,290.962,1816,1817,TRUE,372.677,2,0.477,0.716,0.387,0.715,3d gaze,-16.860,-60.308,279.656,,16,3,154.775,154.72,l_3_os,3Orange,POINT,154.992,2499.419,7,401,2679,0.528,0.869,374
1260.202,92.849,228,81.715,1819,1819,FALSE,81.715,1,0.434,0.712,1.891,0.741,3d gaze,-39.496,-65.387,306.308,,16,3,156.147,156.092,u_4r_1,4Red,START,156.117,1387.469,4,500,2703,0.482,0.832,377
1260.835,93.482,229,3211.719,1821,1839,TRUE,5051.049,8,0.486,0.737,1.821,0.665,3d gaze,-14.352,-72.406,307.900,,16,3,158.178,158.123,l_base,Base,START,158.367,6861.599,30,470,2753,0.518,0.669,384
1264.156,96.804,230,336.257,1839,1842,TRUE,1839.330,7,0.480,0.765,2.005,0.737,3d gaze,-15.231,-70.473,268.023,,16,3,158.233,158.178,u_base,Base,START,158.367,6861.599,30,470,2753,0.518,0.669,384
1264.540,97.188,231,204.790,1843,1843,TRUE,1503.073,6,0.475,0.780,0.641,0.746,3d gaze,-17.211,-73.410,264.480,,16,3,164.05,163.995,BC,BrickClick,POINT,164.051,1580.292,9,155,2862,0.510,0.746,405
1264.761,97.408,232,148.998,1843,1844,TRUE,1298.283,5,0.466,0.741,1.343,0.765,3d gaze,-21.127,-63.837,266.745,,16,3,164.05,163.995,u_4r_1,4Red,STOP,164.051,1580.292,9,155,2862,0.510,0.746,405
1264.918,97.565,233,143.256,1844,1845,TRUE,1149.285,4,0.456,0.729,1.715,0.663,3d gaze,-25.012,-60.851,266.965,,16,3,166.63,166.575,l_base,Base,STOP,166.572,423.300,1,423,2929,0.508,0.854,414
1265.070,97.717,234,435.250,1845,1851,TRUE,1006.029,3,0.464,0.724,1.443,0.685,3d gaze,-21.833,-59.854,267.698,,16,3,166.685,166.63,l_3_os,3Orange,POINT,166.572,423.300,1,423,2929,0.508,0.854,414
1265.594,98.241,235,331.607,1852,1858,TRUE,570.779,2,0.465,0.738,1.925,0.679,3d gaze,-21.378,-63.293,266.939,,16,3,167.453,167.398,u_base,Base,STOP,167.599,1832.083,5,438,2931,0.510,0.743,417
1265.950,98.597,236,239.172,1859,1864,FALSE,239.172,1,0.470,0.765,1.621,0.766,3d gaze,-19.887,-72.718,276.070,,16,3,167.618,167.563,u_2dr_2,2DarkRed,START,167.599,1832.083,5,438,2931,0.510,0.743,417
1266.553,99.200,237,81.867,1873,1875,FALSE,81.867,1,0.540,0.820,1.457,0.725,3d gaze,10.690,-86.198,271.565,,16,3,168.551,168.496,l_base,Base,START,168.699,958.565,3,161,2957,0.507,0.741,419
1266.786,99.433,238,189.350,1879,1883,TRUE,269.476,2,0.551,0.883,2.008,0.810,3d gaze,25.571,-171.996,447.098,,16,3,168.935,168.88,u_base,Base,START,168.872,798.051,2,481,2962,0.516,0.749,420
1266.979,99.626,239,80.126,1883,1884,FALSE,80.126,1,0.548,0.890,1.310,0.859,3d gaze,22.548,-164.860,419.990,,16,3,169.868,169.813,l_base,Base,STOP,169.836,318.636,2,84,2988,0.531,0.867,422
1267.112,99.759,240,179.393,1885,1886,TRUE,303.896,2,0.455,0.850,1.826,0.835,3d gaze,-35.734,-126.759,361.346,,16,3,169.923,169.868,l_3_om,3Orange,POINT,169.924,234.812,1,235,2991,0.537,0.870,423
1267.311,99.958,241,124.503,1887,1887,FALSE,124.503,1,0.497,0.882,1.801,0.857,3d gaze,-11.995,-148.502,387.588,,16,3,170.252,170.197,l_base,Base,START,170.186,353.758,2,146,2997,0.543,0.767,424
1267.796,100.443,242,493.483,1889,1901,TRUE,615.284,2,0.557,1.330,1.761,0.997,3d gaze,261.975,-3222.605,2845.238,,16,3,170.637,170.582,u_2dr_2,2DarkRed,STOP,170.820,348.307,2,248,3014,0.533,0.821,426
1268.304,100.952,243,121.801,1901,1904,FALSE,121.801,1,0.558,1.332,1.558,0.998,3d gaze,67.491,-820.343,717.428,,16,3,170.856,170.801,l_base,Base,STOP,170.820,348.307,2,248,3014,0.533,0.821,426
1268.499,101.146,244,424.647,1906,1917,FALSE,424.647,1,0.479,0.798,1.302,0.991,3d gaze,-17.345,-86.455,292.086,,16,3,170.911,170.856,l_3_om,3Orange,POINT,170.820,348.307,2,248,3014,0.533,0.821,426
1268.963,101.610,245,328.915,1918,1926,FALSE,328.915,1,0.531,0.891,0.546,0.993,3d gaze,8.846,-138.328,352.548,,16,3,171.24,171.185,u_3_om,3Orange,START,171.192,1708.441,6,107,3024,0.548,0.727,428
1269.418,102.065,246,240.211,1929,1930,TRUE,402.790,2,0.437,0.756,1.905,0.727,3d gaze,-33.660,-68.532,268.366,,16,3,171.35,171.295,l_base,Base,START,171.308,1601.555,5,85,3027,0.535,0.715,429
1269.783,102.430,247,162.579,1930,1930,FALSE,162.579,1,0.433,0.748,0.760,0.774,3d gaze,-42.698,-80.254,324.298,,16,3,172.448,172.393,BC,BrickClick,POINT,172.700,342.738,1,343,3059,0.519,0.735,433
1270.015,102.662,248,335.887,1930,1930,FALSE,335.887,1,0.506,0.856,1.548,0.931,3d gaze,-5.778,-131.602,370.901,,16,3,173.216,173.161,l_base,Base,STOP,173.153,481.919,2,183,3072,0.532,0.867,434
1270.609,103.257,249,128.466,1932,1933,TRUE,1851.636,8,0.543,0.792,0.977,0.788,3d gaze,17.512,-115.803,400.616,,16,3,173.326,173.271,l_4yr_3,4YellowRound,POINT,173.340,299.212,1,299,3076,0.534,0.873,435
1270.794,103.441,250,90.088,1934,1935,TRUE,1723.170,7,0.542,0.766,1.154,0.750,3d gaze,16.686,-104.475,396.682,,16,3,173.6,173.545,u_3_om,3Orange,STOP,173.748,339.863,1,340,3085,0.423,0.898,436
1270.890,103.537,251,158.370,1936,1940,TRUE,1633.082,6,0.527,0.753,1.613,0.685,3d gaze,5.430,-78.147,312.210,,16,3,173.82,173.765,l_1t,1transparent,POINT,173.748,339.863,1,340,3085,0.423,0.898,436
1271.052,103.699,252,499.781,1940,1951,TRUE,1474.712,5,0.515,0.736,1.214,0.757,3d gaze,-0.156,-72.940,310.989,,16,3,174.149,174.094,l_base,Base,START,174.129,886.510,3,236,3091,0.504,0.734,437
1271.555,104.202,253,194.818,1951,1955,TRUE,974.931,4,0.509,0.742,1.699,0.780,3d gaze,-3.034,-70.325,293.460,,16,3,174.479,174.424,u_2dr_2,2DarkRed,START,174.624,650.837,2,452,3106,0.502,0.718,438
1271.757,104.404,254,202.650,1956,1959,TRUE,780.113,3,0.498,0.774,1.884,0.784,3d gaze,-8.289,-81.248,299.659,,16,3,175.467,175.412,l_base,Base,STOP,175.544,319.221,2,160,3130,0.551,0.782,440
1271.964,104.611,255,496.495,1959,1964,TRUE,577.463,2,0.514,0.772,1.677,0.871,3d gaze,-0.941,-79.292,294.775,,16,3,175.521,175.466,l_2dr_2,2DarkRed,POINT,175.544,319.221,2,160,3130,0.551,0.782,440
1272.467,105.114,256,80.967,1964,1965,FALSE,80.967,1,0.516,0.795,1.635,0.840,3d gaze,0.095,-88.084,301.529,,16,3,176.125,176.07,l_base,Base,START,176.177,1336.783,5,378,3147,0.498,0.722,443
1272.833,105.481,257,489.646,1968,1970,TRUE,1678.957,4,0.558,1.169,1.881,0.996,3d gaze,33.349,-317.231,409.500,,16,3,178.76,178.705,l_base,Base,STOP,178.759,415.546,1,416,3193,0.539,0.912,448
1273.325,105.973,258,497.895,1970,1970,TRUE,1189.312,3,0.559,1.144,0.773,0.999,3d gaze,28.850,-261.397,358.021,,16,3,178.814,178.759,l_4yr_2,4YellowRound,POINT,178.759,415.546,1,416,3193,0.539,0.912,448
1273.827,106.474,259,496.777,1970,1971,TRUE,691.416,2,0.559,1.139,0.509,0.999,3d gaze,29.230,-264.630,366.111,,16,3,179.144,179.089,u_2dr_2,2DarkRed,STOP,179.243,626.251,2,500,3206,0.402,0.923,449
1274.328,106.975,260,194.639,1971,1973,FALSE,194.639,1,0.560,1.138,1.254,0.999,3d gaze,32.031,-281.806,390.629,,16,3,179.363,179.308,l_1t,1transparent,POINT,179.243,626.251,2,500,3206,0.402,0.923,449
1274.579,107.226,261,165.275,1974,1978,TRUE,1626.062,8,0.502,0.770,1.873,0.951,3d gaze,-6.348,-80.627,301.249,,16,3,180.077,180.022,l_base,Base,START,180.052,11942.327,44,300,3228,0.459,0.740,452
1274.748,107.395,262,146.056,1978,1982,TRUE,1460.787,7,0.495,0.753,1.533,0.905,3d gaze,-8.708,-68.302,271.850,,16,3,180.571,180.516,u_1t,1transparent,START,180.669,11362.147,42,391,3245,0.457,0.742,454
1274.898,107.546,263,202.497,1982,1987,TRUE,1314.731,6,0.473,0.747,1.821,0.749,3d gaze,-18.120,-65.869,268.145,,16,3,184.907,184.852,BC,BrickClick,POINT,184.797,7487.068,29,263,3349,0.484,0.751,467
1275.109,107.756,264,146.198,1987,1991,TRUE,1112.234,5,0.455,0.743,1.865,0.658,3d gaze,-25.144,-63.024,260.203,,16,3,184.907,184.852,u_1t,1transparent,STOP,184.797,7487.068,29,263,3349,0.484,0.751,467
1275.259,107.907,265,229.656,1991,1996,TRUE,966.036,4,0.448,0.738,1.738,0.690,3d gaze,-27.955,-61.590,259.664,,16,3,189.188,189.133,remove,Remove,POINT,189.193,4347.886,17,131,3457,0.480,0.777,479
1275.541,108.188,266,170.475,1998,1999,TRUE,736.380,3,0.448,0.763,1.841,0.706,3d gaze,-28.379,-69.028,263.932,,16,3,193.249,193.194,u_1t,1transparent,START,193.173,1465.562,4,486,3534,0.491,0.783,492
1275.716,108.363,267,273.870,1999,1999,TRUE,565.905,2,0.452,0.746,1.675,0.616,3d gaze,-28.211,-68.737,280.224,,16,3,194.347,194.292,BC,BrickClick,POINT,194.240,551.868,2,376,3558,0.489,0.771,494
1276.005,108.652,268,292.035,1999,2003,FALSE,292.035,1,0.466,0.756,1.813,0.717,3d gaze,-21.988,-70.829,278.012,,16,3,194.731,194.676,u_1t,1transparent,STOP,194.689,175.769,1,176,3567,0.465,0.758,495
1276.389,109.036,269,112.198,2005,2008,FALSE,112.198,1,0.464,0.640,0.793,0.753,3d gaze,-22.847,-40.767,283.515,,16,3,195.005,194.95,l_base,Base,STOP,195.297,121.452,1,121,3577,0.815,0.957,496
1276.621,109.268,270,122.459,2011,2013,TRUE,738.327,3,0.378,0.744,1.165,0.643,3d gaze,-65.966,-73.447,297.026,,16,3,196.762,196.707,u_base,Base,STOP,196.708,1700.054,8,491,3585,0.507,0.739,504
1276.810,109.457,271,498.188,2014,2024,TRUE,615.867,2,0.398,0.711,1.121,0.734,3d gaze,-55.975,-63.482,296.474,,,,,,,,,,,,,,,,
1277.312,109.959,272,117.679,2024,2026,FALSE,117.679,1,0.402,0.717,0.775,0.760,3d gaze,-53.249,-63.997,291.925,,,,,,,,,,,,,,,,
1277.466,110.113,273,483.891,2026,2034,TRUE,4298.549,11,0.441,0.659,1.265,0.769,3d gaze,-34.617,-47.912,294.800,,,,,,,,,,,,,,,,
1277.976,110.623,274,253.412,2034,2036,TRUE,3814.658,10,0.446,0.665,0.551,0.786,3d gaze,-32.134,-49.583,294.873,,,,,,,,,,,,,,,,
1278.266,110.913,275,404.798,2037,2039,TRUE,3561.246,9,0.473,0.703,1.118,0.749,3d gaze,-19.914,-60.281,296.854,,,,,,,,,,,,,,,,
1278.785,111.432,276,462.198,2040,2044,TRUE,3156.448,8,0.457,0.695,1.285,0.738,3d gaze,-25.757,-54.459,277.833,,,,,,,,,,,,,,,,
1279.321,111.969,277,489.519,2045,2047,TRUE,2694.250,7,0.454,0.706,1.147,0.743,3d gaze,-25.995,-55.587,269.395,,,,,,,,,,,,,,,,
1279.869,112.516,278,484.043,2048,2052,TRUE,2204.731,6,0.448,0.725,0.875,0.742,3d gaze,-28.899,-60.309,267.751,,,,,,,,,,,,,,,,
1280.505,113.153,279,475.727,2054,2060,TRUE,1720.688,5,0.447,0.735,0.754,0.746,3d gaze,-29.325,-62.733,267.039,,,,,,,,,,,,,,,,
1281.021,113.669,280,492.260,2061,2074,TRUE,1244.961,4,0.441,0.745,1.269,0.717,3d gaze,-33.123,-68.446,280.226,,,,,,,,,,,,,,,,
1281.535,114.183,281,291.573,2074,2082,TRUE,752.701,3,0.436,0.764,1.572,0.682,3d gaze,-35.930,-74.502,282.999,,,,,,,,,,,,,,,,
1281.829,114.476,282,360.437,2082,2090,TRUE,461.128,2,0.441,0.795,1.942,0.711,3d gaze,-35.464,-87.015,295.487,,,,,,,,,,,,,,,,
1282.734,115.381,283,100.691,2100,2101,FALSE,100.691,1,0.444,0.808,1.943,0.734,3d gaze,-28.556,-75.428,245.551,,,,,,,,,,,,,,,,
1283.256,115.904,284,143.678,2102,2102,TRUE,735.694,6,0.491,0.682,1.656,0.757,3d gaze,-10.349,-48.391,264.299,,,,,,,,,,,,,,,,
1283.413,116.060,285,152.026,2102,2102,TRUE,592.016,5,0.497,0.647,1.983,0.751,3d gaze,-7.391,-39.026,258.885,,,,,,,,,,,,,,,,
1283.573,116.221,286,86.774,2102,2102,TRUE,439.990,4,0.493,0.617,1.364,0.815,3d gaze,-8.446,-30.277,246.842,,,,,,,,,,,,,,,,
1283.664,116.311,287,121.185,2102,2103,TRUE,353.216,3,0.482,0.621,1.698,0.768,3d gaze,-12.592,-30.365,239.674,,,,,,,,,,,,,,,,
1283.960,116.607,288,115.112,2103,2103,TRUE,232.031,2,0.467,0.618,0.836,0.710,3d gaze,-18.114,-29.432,238.056,,,,,,,,,,,,,,,,
1284.209,116.856,289,116.919,2103,2103,FALSE,116.919,1,0.459,0.663,1.859,0.723,3d gaze,-21.131,-39.167,236.134,,,,,,,,,,,,,,,,
1285.429,118.076,290,274.009,2110,2115,TRUE,750.568,3,0.463,0.744,1.862,0.726,3d gaze,-19.095,-55.689,229.294,,,,,,,,,,,,,,,,
1285.751,118.398,291,375.515,2116,2124,TRUE,476.559,2,0.486,0.732,0.643,0.616,3d gaze,-10.788,-53.334,230.993,,,,,,,,,,,,,,,,
1286.389,119.036,292,101.044,2132,2135,FALSE,101.044,1,0.486,0.751,0.481,0.614,3d gaze,-10.897,-57.268,229.903,,,,,,,,,,,,,,,,
1287.045,119.692,293,105.539,2150,2153,FALSE,105.539,1,0.491,0.643,1.593,0.635,3d gaze,-8.980,-34.479,235.155,,,,,,,,,,,,,,,,
1287.226,119.873,294,211.786,2153,2154,TRUE,5350.248,13,0.472,0.800,1.912,0.878,3d gaze,-17.011,-71.564,240.251,,,,,,,,,,,,,,,,
1287.445,120.093,295,413.201,2154,2154,TRUE,5138.462,12,0.465,0.763,1.631,0.751,3d gaze,-19.353,-63.020,241.593,,,,,,,,,,,,,,,,
1288.085,120.733,296,488.767,2154,2155,TRUE,4725.261,11,0.479,0.794,1.350,0.716,3d gaze,-13.793,-68.198,233.423,,,,,,,,,,,,,,,,
1288.601,121.248,297,480.394,2155,2156,TRUE,4236.494,10,0.486,0.789,1.588,0.701,3d gaze,-10.064,-61.364,214.435,,,,,,,,,,,,,,,,
1289.119,121.766,298,487.200,2156,2157,TRUE,3756.100,9,0.487,0.799,1.734,0.721,3d gaze,-10.031,-64.261,217.116,,,,,,,,,,,,,,,,
1289.667,122.314,299,361.314,2157,2158,TRUE,3268.900,8,0.477,0.818,1.856,0.658,3d gaze,-12.471,-63.172,200.120,,,,,,,,,,,,,,,,
1290.042,122.690,300,393.336,2158,2161,TRUE,2907.586,7,0.473,0.832,1.904,0.651,3d gaze,-13.679,-65.577,198.348,,,,,,,,,,,,,,,,
1290.439,123.086,301,130.096,2161,2163,TRUE,2514.250,6,0.469,0.863,1.782,0.639,3d gaze,-14.994,-70.980,195.790,,,,,,,,,,,,,,,,
1290.609,123.256,302,499.995,2164,2174,TRUE,2384.155,5,0.475,0.866,1.846,0.866,3d gaze,-12.591,-69.829,190.570,,,,,,,,,,,,,,,,
1291.118,123.765,303,497.681,2174,2186,TRUE,1884.160,4,0.468,0.879,1.569,0.835,3d gaze,-17.009,-82.219,215.652,,,,,,,,,,,,,,,,
1291.620,124.267,304,497.186,2186,2190,TRUE,1386.478,3,0.469,0.907,1.174,0.883,3d gaze,-17.229,-91.185,221.541,,,,,,,,,,,,,,,,
1292.120,124.768,305,499.355,2190,2191,TRUE,889.293,2,0.467,0.913,1.120,0.911,3d gaze,-17.710,-91.563,218.739,,,,,,,,,,,,,,,,
1292.624,125.271,306,389.938,2191,2198,FALSE,389.938,1,0.469,0.916,1.992,0.827,3d gaze,-17.262,-93.273,221.229,,,,,,,,,,,,,,,,
1293.106,125.753,307,85.556,2201,2203,FALSE,85.556,1,0.445,0.862,1.916,0.719,3d gaze,-26.522,-83.644,230.245,,,,,,,,,,,,,,,,
1293.327,125.974,308,105.930,2206,2209,FALSE,105.930,1,0.488,0.797,1.178,0.737,3d gaze,-10.918,-71.866,243.642,,,,,,,,,,,,,,,,
1294.074,126.722,309,184.685,2222,2222,FALSE,184.685,1,0.463,0.696,0.940,0.710,3d gaze,-20.824,-49.261,250.199,,,,,,,,,,,,,,,,
1294.706,127.353,310,338.941,2222,2223,FALSE,338.941,1,0.424,0.780,1.886,0.824,3d gaze,-44.246,-83.942,298.993,,,,,,,,,,,,,,,,
1295.077,127.724,311,491.981,2223,2229,TRUE,1403.790,4,0.415,0.852,1.746,0.974,3d gaze,-48.629,-103.617,291.616,,,,,,,,,,,,,,,,
1295.577,128.224,312,283.906,2229,2233,TRUE,911.809,3,0.405,0.849,1.167,0.954,3d gaze,-59.261,-114.873,325.130,,,,,,,,,,,,,,,,
1295.870,128.517,313,379.898,2234,2243,TRUE,627.903,2,0.403,0.869,1.990,0.990,3d gaze,-62.426,-125.236,333.712,,,,,,,,,,,,,,,,
1296.257,128.904,314,248.005,2243,2249,FALSE,248.005,1,0.389,0.862,0.661,0.995,3d gaze,-70.099,-122.705,332.892,,,,,,,,,,,,,,,,
1296.629,129.277,315,891.570,2252,2267,TRUE,1477.232,3,0.425,0.705,1.670,0.654,3d gaze,-50.662,-72.800,352.536,,,,,,,,,,,,,,,,
1297.529,130.176,316,249.627,2267,2271,TRUE,585.662,2,0.420,0.716,0.521,0.744,3d gaze,-53.201,-76.318,351.247,,,,,,,,,,,,,,,,
1299.469,132.116,317,336.035,2280,2282,FALSE,336.035,1,0.428,0.698,1.053,0.745,3d gaze,-49.026,-70.440,353.412,,,,,,,,,,,,,,,,
1300.550,133.197,318,88.824,2292,2293,FALSE,88.824,1,0.473,0.852,1.267,0.849,3d gaze,-22.709,-115.930,330.288,,,,,,,,,,,,,,,,
1300.661,133.308,319,291.256,2293,2294,TRUE,620.601,2,0.417,0.903,1.875,0.917,3d gaze,-54.787,-136.468,332.297,,,,,,,,,,,,,,,,
1300.956,133.604,320,329.345,2294,2298,FALSE,329.345,1,0.401,0.883,1.946,0.871,3d gaze,-60.158,-122.394,313.243,,,,,,,,,,,,,,,,
1301.349,133.997,321,103.505,2299,2301,TRUE,324.583,2,0.414,0.710,1.652,0.808,3d gaze,-51.804,-68.080,321.112,,,,,,,,,,,,,,,,
1301.614,134.261,322,221.078,2304,2308,FALSE,221.078,1,0.440,0.733,1.787,0.698,3d gaze,-38.747,-75.016,321.768,,,,,,,,,,,,,,,,
1301.956,134.603,323,284.981,2311,2315,FALSE,284.981,1,0.515,0.875,1.560,0.842,3d gaze,-0.708,-133.944,356.921,,,,,,,,,,,,,,,,
1302.269,134.916,324,302.715,2315,2320,FALSE,302.715,1,0.452,0.734,1.612,0.781,3d gaze,-33.325,-76.781,327.591,,,,,,,,,,,,,,,,
1302.695,135.343,325,83.172,2321,2322,FALSE,83.172,1,0.521,0.820,1.268,0.818,3d gaze,2.365,-88.991,279.870,,,,,,,,,,,,,,,,
1302.801,135.449,326,401.534,2323,2325,TRUE,897.966,2,0.572,0.837,1.892,0.737,3d gaze,36.839,-135.895,404.310,,,,,,,,,,,,,,,,
1303.205,135.853,327,496.432,2325,2338,FALSE,496.432,1,0.565,0.819,1.832,0.745,3d gaze,31.623,-125.817,396.798,,,,,,,,,,,,,,,,
1304.245,136.893,328,483.554,2351,2360,TRUE,1186.914,3,0.482,0.716,1.906,0.747,3d gaze,-15.627,-62.872,292.282,,,,,,,,,,,,,,,,
1304.753,137.400,329,492.216,2360,2360,TRUE,703.360,2,0.485,0.724,0.843,0.742,3d gaze,-13.577,-62.378,280.191,,,,,,,,,,,,,,,,
1305.253,137.901,330,211.144,2360,2361,FALSE,211.144,1,0.490,0.729,0.977,0.736,3d gaze,-11.940,-66.763,293.669,,,,,,,,,,,,,,,,
1305.544,138.191,331,338.782,2361,2363,TRUE,456.861,2,0.510,0.850,1.875,0.857,3d gaze,-3.579,-135.501,388.590,,,,,,,,,,,,,,,,
1305.887,138.534,332,118.078,2363,2364,FALSE,118.078,1,0.520,0.832,0.863,0.750,3d gaze,2.924,-133.097,403.111,,,,,,,,,,,,,,,,
1306.098,138.745,333,246.434,2365,2371,TRUE,497.941,2,0.513,0.710,2.004,0.762,3d gaze,-1.426,-73.272,349.577,,,,,,,,,,,,,,,,
1306.348,138.995,334,251.507,2371,2376,FALSE,251.507,1,0.521,0.693,1.644,0.765,3d gaze,2.918,-66.534,344.820,,,,,,,,,,,,,,,,
1306.651,139.299,335,116.868,2377,2380,FALSE,116.868,1,0.555,0.806,1.937,0.833,3d gaze,19.604,-93.536,307.626,,,,,,,,,,,,,,,,
1306.812,139.459,336,93.330,2381,2383,TRUE,2163.336,7,0.561,0.735,1.969,0.723,3d gaze,20.034,-64.879,278.142,,,,,,,,,,,,,,,,
1306.910,139.557,337,233.150,2383,2387,TRUE,2070.006,6,0.554,0.723,2.005,0.696,3d gaze,16.484,-59.876,270.181,,,,,,,,,,,,,,,,
1307.258,139.905,338,497.003,2389,2395,TRUE,1836.856,5,0.523,0.711,1.957,0.737,3d gaze,3.786,-63.428,302.130,,,,,,,,,,,,,,,,
1307.762,140.409,339,488.905,2395,2401,TRUE,1339.853,4,0.518,0.724,1.622,0.769,3d gaze,1.073,-74.333,334.279,,,,,,,,,,,,,,,,
1308.270,140.917,340,298.580,2401,2403,TRUE,850.948,3,0.512,0.721,0.892,0.741,3d gaze,-1.980,-78.458,356.823,,,,,,,,,,,,,,,,
1308.583,141.231,341,335.378,2403,2405,TRUE,552.368,2,0.490,0.695,1.793,0.734,3d gaze,-12.939,-64.638,330.402,,,,,,,,,,,,,,,,
1308.936,141.583,342,216.990,2405,2406,FALSE,216.990,1,0.493,0.720,1.295,0.782,3d gaze,-11.660,-72.781,332.433,,,,,,,,,,,,,,,,
1309.241,141.888,343,151.011,2406,2407,TRUE,290.939,2,0.514,0.831,1.470,0.872,3d gaze,-1.203,-120.820,367.547,,,,,,,,,,,,,,,,
1309.396,142.043,344,139.928,2407,2407,FALSE,139.928,1,0.528,0.856,1.334,0.887,3d gaze,8.214,-143.361,404.111,,,,,,,,,,,,,,,,
1309.568,142.215,345,494.019,2407,2409,TRUE,3015.603,8,0.511,0.727,1.587,0.737,3d gaze,-2.439,-81.634,362.106,,,,,,,,,,,,,,,,
1310.077,142.724,346,499.748,2409,2416,TRUE,2521.584,7,0.515,0.749,1.313,0.719,3d gaze,-0.372,-87.203,353.730,,,,,,,,,,,,,,,,
1310.577,143.224,347,490.603,2416,2424,TRUE,2021.836,6,0.522,0.752,1.435,0.769,3d gaze,3.703,-90.177,361.409,,,,,,,,,,,,,,,,
1311.099,143.747,348,490.033,2425,2437,TRUE,1531.233,5,0.523,0.756,1.256,0.755,3d gaze,4.112,-88.946,351.198,,,,,,,,,,,,,,,,
1311.633,144.280,349,158.174,2438,2442,TRUE,1041.200,4,0.528,0.757,1.872,0.716,3d gaze,6.992,-86.968,341.227,,,,,,,,,,,,,,,,
1311.795,144.442,350,190.275,2442,2445,TRUE,883.025,3,0.545,0.740,0.667,0.729,3d gaze,15.839,-81.555,342.934,,,,,,,,,,,,,,,,
1312.001,144.648,351,477.983,2445,2454,TRUE,692.750,2,0.536,0.731,1.943,0.730,3d gaze,10.803,-77.435,337.247,,,,,,,,,,,,,,,,
1312.509,145.156,352,214.767,2454,2457,FALSE,214.767,1,0.542,0.725,1.623,0.658,3d gaze,13.546,-72.562,324.570,,,,,,,,,,,,,,,,
1312.757,145.404,353,313.956,2457,2465,TRUE,3452.376,8,0.592,0.723,1.942,0.740,3d gaze,37.475,-68.909,309.767,,,,,,,,,,,,,,,,
1313.074,145.721,354,476.780,2465,2479,TRUE,3138.420,7,0.571,0.713,1.836,0.756,3d gaze,25.507,-62.053,291.323,,,,,,,,,,,,,,,,
1313.582,146.229,355,361.322,2480,2491,TRUE,2661.641,6,0.558,0.718,1.785,0.685,3d gaze,21.636,-70.207,323.745,,,,,,,,,,,,,,,,
1313.954,146.602,356,362.757,2491,2500,TRUE,2300.318,5,0.537,0.706,1.453,0.795,3d gaze,10.939,-65.895,320.735,,,,,,,,,,,,,,,,
1314.386,147.033,357,466.888,2502,2516,TRUE,1937.561,4,0.539,0.688,0.991,0.770,3d gaze,11.824,-59.530,315.576,,,,,,,,,,,,,,,,
1314.890,147.537,358,498.306,2517,2532,TRUE,1470.673,3,0.543,0.691,1.163,0.764,3d gaze,14.277,-63.702,332.832,,,,,,,,,,,,,,,,
1315.396,148.044,359,494.431,2532,2546,TRUE,972.367,2,0.544,0.699,1.408,0.756,3d gaze,14.435,-64.566,324.892,,,,,,,,,,,,,,,,
1315.899,148.546,360,477.936,2546,2558,FALSE,477.936,1,0.537,0.705,1.518,0.765,3d gaze,10.312,-63.503,310.858,,,,,,,,,,,,,,,,
1316.753,149.401,361,135.663,2559,2559,FALSE,135.663,1,0.459,0.863,1.709,0.809,3d gaze,-38.100,-148.446,407.487,,,,,,,,,,,,,,,,
1316.988,149.635,362,129.300,2559,2559,TRUE,1801.590,5,0.521,0.696,1.708,0.761,3d gaze,2.789,-63.609,325.150,,,,,,,,,,,,,,,,
1317.125,149.772,363,498.518,2559,2562,TRUE,1672.290,4,0.501,0.698,1.795,0.770,3d gaze,-6.986,-60.059,303.663,,,,,,,,,,,,,,,,
1317.633,150.280,364,232.842,2562,2568,TRUE,1173.772,3,0.515,0.696,1.179,0.764,3d gaze,-0.111,-65.775,335.541,,,,,,,,,,,,,,,,
1317.869,150.516,365,498.632,2568,2580,TRUE,940.930,2,0.507,0.686,1.858,0.705,3d gaze,-4.170,-60.497,323.574,,,,,,,,,,,,,,,,
1318.417,151.064,366,442.298,2581,2592,FALSE,442.298,1,0.511,0.702,1.442,0.738,3d gaze,-2.861,-76.383,378.440,,,,,,,,,,,,,,,,
1319.037,151.684,367,118.050,2595,2598,TRUE,492.881,2,0.443,0.748,1.108,0.760,3d gaze,-32.827,-70.391,285.028,,,,,,,,,,,,,,,,
1319.187,151.834,368,374.831,2599,2606,FALSE,374.831,1,0.437,0.770,1.981,0.756,3d gaze,-32.929,-70.686,261.898,,,,,,,,,,,,,,,,
1320.190,152.837,369,414.958,2623,2634,TRUE,966.016,3,0.480,0.699,1.587,0.714,3d gaze,-15.420,-54.963,276.368,,,,,,,,,,,,,,,,
1320.677,153.324,370,392.804,2636,2646,TRUE,551.058,2,0.483,0.703,1.841,0.746,3d gaze,-14.903,-58.736,289.270,,,,,,,,,,,,,,,,
1321.192,153.839,371,158.254,2649,2654,FALSE,158.254,1,0.483,0.708,0.399,0.727,3d gaze,-14.930,-60.732,292.366,,,,,,,,,,,,,,,,
1321.511,154.158,372,320.866,2659,2665,FALSE,320.866,1,0.486,0.877,1.979,0.908,3d gaze,-14.020,-108.189,286.002,,,,,,,,,,,,,,,,
1321.869,154.517,373,471.947,2666,2679,TRUE,2971.366,8,0.540,0.910,1.962,0.995,3d gaze,12.679,-129.188,311.760,,,,,,,,,,,,,,,,
1322.345,154.992,374,400.891,2679,2688,TRUE,2499.419,7,0.528,0.869,2.008,0.983,3d gaze,6.489,-115.622,313.497,,,,,,,,,,,,,,,,
1322.750,155.397,375,429.388,2688,2697,TRUE,2098.528,6,0.516,0.859,1.966,0.945,3d gaze,-0.089,-120.855,337.521,,,,,,,,,,,,,,,,
1323.184,155.831,376,281.671,2697,2703,TRUE,1669.139,5,0.494,0.859,2.006,0.945,3d gaze,-12.268,-124.225,346.547,,,,,,,,,,,,,,,,
1323.470,156.117,377,499.645,2703,2713,TRUE,1387.469,4,0.482,0.832,1.725,0.797,3d gaze,-19.780,-118.907,359.530,,,,,,,,,,,,,,,,
1323.972,156.620,378,390.056,2713,2722,TRUE,887.824,3,0.483,0.846,1.965,0.873,3d gaze,-15.676,-100.283,290.764,,,,,,,,,,,,,,,,
1324.366,157.013,379,148.052,2722,2725,TRUE,497.768,2,0.481,0.811,1.486,0.863,3d gaze,-14.497,-80.125,259.668,,,,,,,,,,,,,,,,
1324.531,157.178,380,349.716,2726,2735,FALSE,349.716,1,0.485,0.781,1.857,0.721,3d gaze,-11.956,-68.409,245.892,,,,,,,,,,,,,,,,
1324.956,157.603,381,87.142,2736,2737,TRUE,7590.367,33,0.474,0.690,1.364,0.665,3d gaze,-17.531,-50.906,267.297,,,,,,,,,,,,,,,,
1325.066,157.713,382,143.353,2737,2741,TRUE,7503.225,32,0.496,0.683,1.926,0.726,3d gaze,-8.208,-50.036,271.972,,,,,,,,,,,,,,,,
1325.217,157.864,383,498.272,2741,2753,TRUE,7359.872,31,0.506,0.675,1.567,0.757,3d gaze,-4.677,-56.560,321.043,,,,,,,,,,,,,,,,
1325.720,158.367,384,469.509,2753,2763,TRUE,6861.599,30,0.518,0.669,1.643,0.734,3d gaze,1.341,-59.471,349.195,,,,,,,,,,,,,,,,
1326.223,158.870,385,235.783,2763,2764,TRUE,6392.090,29,0.519,0.667,1.732,0.686,3d gaze,1.881,-56.707,336.334,,,,,,,,,,,,,,,,
1326.463,159.110,386,102.897,2764,2764,TRUE,6156.307,28,0.514,0.667,1.743,0.691,3d gaze,-0.791,-58.249,343.977,,,,,,,,,,,,,,,,
1326.585,159.232,387,93.647,2764,2764,TRUE,6053.410,27,0.522,0.658,1.449,0.632,3d gaze,3.707,-54.241,337.504,,,,,,,,,,,,,,,,
1326.727,159.374,388,82.005,2764,2764,TRUE,5959.762,26,0.524,0.661,1.846,0.680,3d gaze,4.872,-59.007,360.372,,,,,,,,,,,,,,,,
1326.831,159.478,389,82.050,2764,2764,TRUE,5877.757,25,0.514,0.650,1.604,0.694,3d gaze,-0.553,-50.175,328.059,,,,,,,,,,,,,,,,
1326.929,159.576,390,330.018,2764,2765,TRUE,5795.707,24,0.523,0.652,1.996,0.691,3d gaze,3.981,-51.411,331.300,,,,,,,,,,,,,,,,
1327.267,159.914,391,487.574,2765,2777,TRUE,5465.690,23,0.523,0.663,1.877,0.694,3d gaze,3.787,-53.657,325.554,,,,,,,,,,,,,,,,
1327.780,160.427,392,173.947,2778,2783,TRUE,4978.116,22,0.515,0.666,1.602,0.714,3d gaze,-0.160,-50.994,304.269,,,,,,,,,,,,,,,,
1327.985,160.632,393,220.214,2783,2789,TRUE,4804.169,21,0.519,0.649,1.923,0.724,3d gaze,2.338,-49.731,325.852,,,,,,,,,,,,,,,,
1328.221,160.868,394,462.432,2790,2801,TRUE,4583.956,20,0.537,0.657,1.949,0.729,3d gaze,13.540,-62.953,394.820,,,,,,,,,,,,,,,,
1328.688,161.335,395,139.514,2802,2804,TRUE,4121.523,19,0.527,0.672,1.697,0.696,3d gaze,5.691,-53.534,308.754,,,,,,,,,,,,,,,,
1328.836,161.483,396,314.643,2804,2812,TRUE,3982.009,18,0.543,0.696,1.867,0.752,3d gaze,14.006,-62.804,320.156,,,,,,,,,,,,,,,,
1329.222,161.869,397,352.661,2813,2818,TRUE,3667.366,17,0.551,0.672,1.557,0.737,3d gaze,21.078,-64.800,371.591,,,,,,,,,,,,,,,,
1329.577,162.224,398,363.809,2818,2827,TRUE,3314.705,16,0.559,0.655,0.827,0.754,3d gaze,26.564,-61.780,391.711,,,,,,,,,,,,,,,,
1329.977,162.624,399,244.228,2828,2833,TRUE,2950.897,15,0.547,0.692,1.187,0.737,3d gaze,18.465,-71.264,370.404,,,,,,,,,,,,,,,,
1330.230,162.877,400,347.500,2833,2841,TRUE,2706.669,14,0.541,0.699,1.989,0.718,3d gaze,14.482,-70.355,352.707,,,,,,,,,,,,,,,,
1330.586,163.233,401,310.337,2842,2850,TRUE,2359.169,13,0.542,0.703,1.852,0.760,3d gaze,14.118,-68.114,335.980,,,,,,,,,,,,,,,,
1330.917,163.564,402,219.959,2850,2855,TRUE,2048.832,12,0.562,0.680,1.506,0.743,3d gaze,27.340,-67.819,373.394,,,,,,,,,,,,,,,,
1331.142,163.789,403,102.871,2855,2858,TRUE,1828.873,11,0.537,0.702,1.925,0.785,3d gaze,12.782,-78.419,388.117,,,,,,,,,,,,,,,,
1331.249,163.896,404,145.710,2858,2862,TRUE,1726.002,10,0.522,0.720,2.010,0.753,3d gaze,3.515,-75.613,346.410,,,,,,,,,,,,,,,,
1331.404,164.051,405,154.978,2862,2864,TRUE,1580.292,9,0.510,0.746,1.839,0.786,3d gaze,-2.822,-79.391,325.783,,,,,,,,,,,,,,,,
1331.561,164.208,406,128.379,2864,2867,TRUE,1425.314,8,0.501,0.767,1.919,0.756,3d gaze,-7.297,-80.941,305.512,,,,,,,,,,,,,,,,
1331.697,164.345,407,108.122,2867,2871,TRUE,1296.935,7,0.501,0.784,0.890,0.852,3d gaze,-7.250,-85.491,304.263,,,,,,,,,,,,,,,,
1332.077,164.725,408,80.725,2879,2881,TRUE,1188.813,6,0.487,0.792,1.848,0.740,3d gaze,-13.864,-87.681,302.930,,,,,,,,,,,,,,,,
1332.246,164.893,409,247.553,2884,2891,TRUE,1108.088,5,0.464,0.799,1.413,0.727,3d gaze,-25.020,-89.342,300.811,,,,,,,,,,,,,,,,
1332.526,165.173,410,268.931,2892,2900,TRUE,860.535,4,0.443,0.793,0.786,0.629,3d gaze,-35.205,-87.666,299.814,,,,,,,,,,,,,,,,
1332.978,165.625,411,248.198,2906,2912,TRUE,591.604,3,0.471,0.763,1.792,0.650,3d gaze,-18.011,-65.257,249.075,,,,,,,,,,,,,,,,
1333.296,165.943,412,138.225,2914,2918,TRUE,343.406,2,0.477,0.752,0.530,0.663,3d gaze,-14.926,-61.462,246.012,,,,,,,,,,,,,,,,
1333.438,166.085,413,205.181,2918,2923,FALSE,205.181,1,0.486,0.740,1.676,0.798,3d gaze,-11.529,-58.354,244.425,,,,,,,,,,,,,,,,
1333.925,166.572,414,423.300,2929,2930,FALSE,423.300,1,0.508,0.854,1.456,0.759,3d gaze,-4.746,-129.166,366.310,,,,,,,,,,,,,,,,
1334.401,167.048,415,122.369,2930,2930,TRUE,2345.567,7,0.523,0.736,1.832,0.784,3d gaze,4.125,-85.996,366.628,,,,,,,,,,,,,,,,
1334.530,167.177,416,391.115,2930,2931,TRUE,2223.198,6,0.527,0.734,1.913,0.747,3d gaze,6.520,-81.050,349.487,,,,,,,,,,,,,,,,
1334.951,167.599,417,437.765,2931,2939,TRUE,1832.083,5,0.510,0.743,1.344,0.724,3d gaze,-3.335,-81.873,339.760,,,,,,,,,,,,,,,,
1335.489,168.137,418,435.753,2942,2954,TRUE,1394.318,4,0.513,0.734,1.776,0.711,3d gaze,-1.238,-74.065,318.206,,,,,,,,,,,,,,,,
1336.052,168.699,419,160.514,2957,2961,TRUE,958.565,3,0.507,0.741,1.801,0.691,3d gaze,-4.047,-72.414,303.212,,,,,,,,,,,,,,,,
1336.225,168.872,420,480.574,2962,2976,TRUE,798.051,2,0.516,0.749,1.988,0.712,3d gaze,0.397,-75.444,306.242,,,,,,,,,,,,,,,,
1336.735,169.383,421,317.477,2976,2984,FALSE,317.477,1,0.521,0.751,1.141,0.733,3d gaze,2.756,-80.529,323.579,,,,,,,,,,,,,,,,
1337.189,169.836,422,83.824,2988,2991,TRUE,318.636,2,0.531,0.867,1.906,0.709,3d gaze,8.327,-122.072,332.250,,,,,,,,,,,,,,,,
1337.277,169.924,423,234.812,2991,2996,FALSE,234.812,1,0.537,0.870,0.840,0.810,3d gaze,13.850,-144.532,390.385,,,,,,,,,,,,,,,,
1337.539,170.186,424,145.856,2997,3000,TRUE,353.758,2,0.543,0.767,1.656,0.719,3d gaze,14.972,-90.957,344.104,,,,,,,,,,,,,,,,
1337.686,170.333,425,207.902,3000,3006,FALSE,207.902,1,0.543,0.733,1.422,0.775,3d gaze,14.210,-76.119,329.150,,,,,,,,,,,,,,,,
1338.173,170.820,426,247.942,3014,3020,TRUE,348.307,2,0.533,0.821,1.795,0.736,3d gaze,10.400,-121.586,381.652,,,,,,,,,,,,,,,,
1338.423,171.071,427,100.365,3020,3023,FALSE,100.365,1,0.539,0.836,1.709,0.733,3d gaze,14.291,-129.416,387.098,,,,,,,,,,,,,,,,
1338.545,171.192,428,106.886,3024,3026,TRUE,1708.441,6,0.548,0.727,1.758,0.747,3d gaze,19.353,-85.154,376.920,,,,,,,,,,,,,,,,
1338.661,171.308,429,85.448,3027,3029,TRUE,1601.555,5,0.535,0.715,1.985,0.696,3d gaze,10.163,-70.018,326.341,,,,,,,,,,,,,,,,
1338.752,171.400,430,489.847,3029,3038,TRUE,1516.107,4,0.524,0.705,1.960,0.726,3d gaze,4.556,-67.048,328.628,,,,,,,,,,,,,,,,
1339.261,171.908,431,264.542,3039,3045,TRUE,1026.260,3,0.528,0.709,1.721,0.744,3d gaze,6.667,-69.992,336.043,,,,,,,,,,,,,,,,
1339.534,172.181,432,418.980,3045,3056,TRUE,761.718,2,0.514,0.735,1.286,0.758,3d gaze,-0.850,-78.069,334.292,,,,,,,,,,,,,,,,
1340.053,172.700,433,342.738,3059,3069,FALSE,342.738,1,0.519,0.735,1.325,0.754,3d gaze,1.813,-77.974,334.203,,,,,,,,,,,,,,,,
1340.506,173.153,434,182.707,3072,3075,TRUE,481.919,2,0.532,0.867,2.002,0.776,3d gaze,11.750,-157.132,427.754,,,,,,,,,,,,,,,,
1340.692,173.340,435,299.212,3076,3083,FALSE,299.212,1,0.534,0.873,0.499,0.838,3d gaze,12.345,-156.383,419.215,,,,,,,,,,,,,,,,
1341.100,173.748,436,339.863,3085,3090,FALSE,339.863,1,0.423,0.898,0.935,0.920,3d gaze,-57.292,-150.527,371.709,,,,,,,,,,,,,,,,
1341.482,174.129,437,235.674,3091,3098,TRUE,886.510,3,0.504,0.734,1.109,0.796,3d gaze,-6.017,-74.026,318.035,,,,,,,,,,,,,,,,
1341.977,174.624,438,451.957,3106,3119,TRUE,650.837,2,0.502,0.718,1.732,0.762,3d gaze,-6.371,-65.489,301.536,,,,,,,,,,,,,,,,
1342.487,175.134,439,198.880,3120,3125,FALSE,198.880,1,0.512,0.732,0.757,0.741,3d gaze,-1.853,-76.431,331.997,,,,,,,,,,,,,,,,
1342.897,175.544,440,159.944,3130,3134,TRUE,319.221,2,0.551,0.782,1.604,0.783,3d gaze,22.769,-114.450,409.193,,,,,,,,,,,,,,,,
1343.076,175.724,441,159.277,3135,3139,FALSE,159.277,1,0.560,0.787,1.825,0.712,3d gaze,20.700,-83.895,294.422,,,,,,,,,,,,,,,,
1343.326,175.973,442,86.799,3142,3144,TRUE,1423.582,6,0.504,0.719,2.001,0.807,3d gaze,-5.495,-64.960,298.187,,,,,,,,,,,,,,,,
1343.530,176.177,443,377.560,3147,3153,TRUE,1336.783,5,0.498,0.722,1.866,0.731,3d gaze,-8.285,-65.649,297.801,,,,,,,,,,,,,,,,
1343.921,176.568,444,221.207,3153,3153,TRUE,959.223,4,0.493,0.726,1.665,0.743,3d gaze,-10.822,-66.735,297.308,,,,,,,,,,,,,,,,
1344.611,177.258,445,250.911,3154,3161,TRUE,738.016,3,0.494,0.725,1.336,0.726,3d gaze,-9.908,-66.449,297.279,,,,,,,,,,,,,,,,
1345.192,177.839,446,375.804,3170,3181,TRUE,487.104,2,0.519,0.745,0.538,0.717,3d gaze,1.589,-70.318,289.254,,,,,,,,,,,,,,,,
1345.703,178.350,447,111.300,3184,3186,FALSE,111.300,1,0.517,0.771,1.237,0.768,3d gaze,0.600,-94.174,351.265,,,,,,,,,,,,,,,,
1346.111,178.759,448,415.546,3193,3204,FALSE,415.546,1,0.539,0.912,1.925,0.872,3d gaze,16.876,-181.360,435.035,,,,,,,,,,,,,,,,
1346.595,179.243,449,499.597,3206,3221,TRUE,626.251,2,0.402,0.923,1.337,0.894,3d gaze,-75.530,-171.351,392.930,,,,,,,,,,,,,,,,
1347.101,179.748,450,126.654,3221,3224,FALSE,126.654,1,0.394,0.918,0.963,0.902,3d gaze,-81.050,-168.381,390.740,,,,,,,,,,,,,,,,
1347.261,179.908,451,136.020,3224,3228,TRUE,12078.347,45,0.466,0.768,1.938,0.955,3d gaze,-34.857,-116.347,437.521,,,,,,,,,,,,,,,,
1347.405,180.052,452,299.944,3228,3237,TRUE,11942.327,44,0.459,0.740,1.833,0.850,3d gaze,-32.159,-84.633,350.826,,,,,,,,,,,,,,,,
1347.713,180.361,453,280.236,3237,3244,TRUE,11642.383,43,0.477,0.730,1.872,0.719,3d gaze,-17.089,-64.549,282.280,,,,,,,,,,,,,,,,
1348.022,180.669,454,391.428,3245,3254,TRUE,11362.147,42,0.457,0.742,1.415,0.756,3d gaze,-26.144,-68.107,283.103,,,,,,,,,,,,,,,,
1348.421,181.068,455,124.044,3255,3258,TRUE,10970.719,41,0.455,0.728,1.915,0.714,3d gaze,-27.113,-64.719,284.195,,,,,,,,,,,,,,,,
1348.619,181.267,456,85.716,3260,3262,TRUE,10846.675,40,0.486,0.743,1.884,0.720,3d gaze,-13.399,-68.589,284.897,,,,,,,,,,,,,,,,
1348.722,181.369,457,412.353,3263,3274,TRUE,10760.959,39,0.500,0.741,1.843,0.717,3d gaze,-6.991,-67.349,281.244,,,,,,,,,,,,,,,,
1349.151,181.798,458,373.842,3275,3283,TRUE,10348.606,38,0.488,0.767,1.503,0.744,3d gaze,-12.537,-74.390,281.099,,,,,,,,,,,,,,,,
1349.529,182.177,459,161.844,3283,3288,TRUE,9974.764,37,0.480,0.773,1.725,0.682,3d gaze,-15.762,-75.231,277.721,,,,,,,,,,,,,,,,
1349.711,182.358,460,498.137,3288,3300,TRUE,9812.920,36,0.481,0.771,1.754,0.678,3d gaze,-15.191,-75.288,279.512,,,,,,,,,,,,,,,,
1350.232,182.880,461,103.110,3301,3302,TRUE,9314.783,35,0.479,0.771,1.829,0.704,3d gaze,-15.887,-72.963,271.434,,,,,,,,,,,,,,,,
1350.341,182.989,462,282.803,3302,3307,TRUE,9211.672,34,0.478,0.773,1.637,0.687,3d gaze,-17.010,-77.565,286.461,,,,,,,,,,,,,,,,
1350.628,183.275,463,93.170,3307,3310,TRUE,8928.869,33,0.472,0.769,1.495,0.631,3d gaze,-19.060,-74.381,277.957,,,,,,,,,,,,,,,,
1350.754,183.401,464,499.025,3311,3322,TRUE,8835.699,32,0.472,0.770,1.957,0.675,3d gaze,-19.443,-75.143,279.614,,,,,,,,,,,,,,,,
1351.256,183.903,465,498.300,3322,3336,TRUE,8336.675,31,0.474,0.771,1.191,0.661,3d gaze,-18.237,-73.014,271.860,,,,,,,,,,,,,,,,
1351.782,184.430,466,351.306,3337,3348,TRUE,7838.374,30,0.474,0.779,1.246,0.725,3d gaze,-17.865,-74.946,270.621,,,,,,,,,,,,,,,,
1352.150,184.797,467,263.215,3349,3356,TRUE,7487.068,29,0.484,0.751,1.370,0.711,3d gaze,-14.849,-72.638,291.961,,,,,,,,,,,,,,,,
1352.413,185.061,468,123.645,3356,3358,TRUE,7223.853,28,0.482,0.750,1.981,0.756,3d gaze,-15.145,-71.315,287.671,,,,,,,,,,,,,,,,
1352.545,185.193,469,422.500,3358,3367,TRUE,7100.207,27,0.493,0.747,2.006,0.724,3d gaze,-9.945,-67.671,275.670,,,,,,,,,,,,,,,,
1352.983,185.630,470,151.283,3368,3371,TRUE,6677.707,26,0.489,0.744,1.583,0.744,3d gaze,-13.202,-74.885,309.459,,,,,,,,,,,,,,,,
1353.141,185.788,471,277.072,3372,3379,TRUE,6526.424,25,0.498,0.731,1.941,0.736,3d gaze,-9.188,-74.236,323.504,,,,,,,,,,,,,,,,
1353.504,186.152,472,140.604,3381,3384,TRUE,6249.352,24,0.503,0.724,1.386,0.672,3d gaze,-6.396,-72.165,323.955,,,,,,,,,,,,,,,,
1353.825,186.472,473,118.528,3388,3391,TRUE,6108.748,23,0.490,0.731,1.214,0.641,3d gaze,-12.935,-74.074,323.293,,,,,,,,,,,,,,,,
1354.113,186.760,474,469.704,3396,3408,TRUE,5990.220,22,0.493,0.763,0.638,0.763,3d gaze,-10.337,-75.582,289.996,,,,,,,,,,,,,,,,
1354.819,187.466,475,377.070,3413,3422,TRUE,5520.516,21,0.505,0.752,1.454,0.750,3d gaze,-4.956,-72.848,291.375,,,,,,,,,,,,,,,,
1355.312,187.960,476,485.456,3425,3437,TRUE,5143.446,20,0.510,0.777,1.813,0.714,3d gaze,-3.249,-91.811,334.938,,,,,,,,,,,,,,,,
1355.814,188.461,477,196.495,3438,3443,TRUE,4657.990,19,0.505,0.780,1.361,0.684,3d gaze,-5.870,-93.796,338.152,,,,,,,,,,,,,,,,
1356.360,189.007,478,113.609,3452,3455,TRUE,4461.495,18,0.508,0.779,1.955,0.681,3d gaze,-4.013,-96.088,347.432,,,,,,,,,,,,,,,,
1356.546,189.193,479,131.466,3457,3459,TRUE,4347.886,17,0.480,0.777,1.314,0.731,3d gaze,-20.216,-96.833,352.859,,,,,,,,,,,,,,,,
1356.740,189.387,480,302.540,3461,3470,TRUE,4216.420,16,0.488,0.757,1.997,0.727,3d gaze,-13.186,-78.093,306.296,,,,,,,,,,,,,,,,
1357.051,189.698,481,497.915,3470,3481,TRUE,3913.880,15,0.492,0.749,1.985,0.683,3d gaze,-10.292,-67.915,275.144,,,,,,,,,,,,,,,,
1357.552,190.199,482,498.510,3481,3490,TRUE,3415.965,14,0.486,0.757,1.934,0.737,3d gaze,-12.566,-68.014,266.785,,,,,,,,,,,,,,,,
1358.057,190.705,483,312.863,3490,3490,TRUE,2917.455,13,0.484,0.760,1.948,0.698,3d gaze,-13.883,-71.929,278.415,,,,,,,,,,,,,,,,
1358.370,191.017,484,100.598,3490,3490,TRUE,2604.592,12,0.481,0.771,1.752,0.739,3d gaze,-15.643,-75.335,280.393,,,,,,,,,,,,,,,,
1358.478,191.125,485,94.794,3490,3490,TRUE,2503.994,11,0.468,0.774,1.784,0.690,3d gaze,-19.891,-72.176,264.899,,,,,,,,,,,,,,,,
1358.580,191.227,486,197.699,3490,3491,TRUE,2409.200,10,0.481,0.773,1.757,0.682,3d gaze,-14.455,-70.767,261.456,,,,,,,,,,,,,,,,
1358.822,191.470,487,141.935,3491,3493,TRUE,2211.501,9,0.473,0.797,1.280,0.693,3d gaze,-19.342,-82.572,280.692,,,,,,,,,,,,,,,,
1358.968,191.615,488,80.132,3493,3495,TRUE,2069.566,8,0.459,0.808,1.716,0.628,3d gaze,-20.293,-68.800,224.916,,,,,,,,,,,,,,,,
1359.055,191.702,489,107.318,3495,3498,TRUE,1989.434,7,0.479,0.813,0.389,0.761,3d gaze,-12.253,-64.423,207.451,,,,,,,,,,,,,,,,
1359.221,191.868,490,103.310,3499,3502,TRUE,1882.116,6,0.464,0.820,2.000,0.656,3d gaze,-20.763,-79.451,249.231,,,,,,,,,,,,,,,,
1359.416,192.063,491,313.244,3504,3511,TRUE,1778.806,5,0.481,0.817,1.902,0.648,3d gaze,-13.592,-77.243,245.098,,,,,,,,,,,,,,,,
1360.525,193.173,492,485.614,3534,3546,TRUE,1465.562,4,0.491,0.783,1.430,0.732,3d gaze,-11.002,-77.928,277.819,,,,,,,,,,,,,,,,
1361.073,193.720,493,428.080,3546,3556,TRUE,979.948,3,0.482,0.775,1.071,0.721,3d gaze,-15.024,-76.821,281.253,,,,,,,,,,,,,,,,
1361.593,194.240,494,376.099,3558,3565,TRUE,551.868,2,0.489,0.771,1.801,0.689,3d gaze,-12.897,-82.266,306.471,,,,,,,,,,,,,,,,
1362.042,194.689,495,175.769,3567,3571,FALSE,175.769,1,0.465,0.758,1.361,0.771,3d gaze,-24.819,-78.433,306.054,,,,,,,,,,,,,,,,
1362.650,195.297,496,121.452,3577,3578,FALSE,121.452,1,0.815,0.957,1.691,0.916,3d gaze,3855.141,-3622.925,6745.165,,,,,,,,,,,,,,,,
1362.888,195.535,497,83.316,3578,3579,TRUE,400.551,3,0.688,0.969,1.941,0.995,3d gaze,114.618,-188.725,375.530,,,,,,,,,,,,,,,,
1362.975,195.622,498,236.369,3579,3579,TRUE,317.235,2,0.682,0.963,1.959,0.994,3d gaze,106.010,-179.662,364.023,,,,,,,,,,,,,,,,
1363.215,195.863,499,80.866,3579,3579,FALSE,80.866,1,0.704,0.971,1.716,0.984,3d gaze,118.677,-180.615,354.567,,,,,,,,,,,,,,,,
1363.482,196.129,500,127.548,3580,3580,TRUE,2169.110,12,0.428,0.698,1.865,0.801,3d gaze,-38.858,-55.911,279.805,,,,,,,,,,,,,,,,
1363.625,196.272,501,114.796,3580,3580,TRUE,2041.561,11,0.438,0.712,0.535,0.768,3d gaze,-34.285,-59.398,279.814,,,,,,,,,,,,,,,,
1363.777,196.424,502,95.956,3580,3580,TRUE,1926.766,10,0.469,0.702,1.806,0.790,3d gaze,-20.721,-57.132,282.413,,,,,,,,,,,,,,,,
1363.922,196.569,503,130.756,3581,3585,TRUE,1830.810,9,0.487,0.723,1.457,0.736,3d gaze,-12.693,-62.565,282.002,,,,,,,,,,,,,,,,
1364.061,196.708,504,490.784,3585,3597,TRUE,1700.054,8,0.507,0.739,1.550,0.746,3d gaze,-3.550,-64.883,273.454,,,,,,,,,,,,,,,,
1364.592,197.239,505,130.213,3598,3601,TRUE,1209.270,7,0.533,0.728,1.979,0.683,3d gaze,7.015,-58.276,257.281,,,,,,,,,,,,,,,,
1364.727,197.374,506,119.511,3601,3604,TRUE,1079.057,6,0.547,0.737,1.024,0.673,3d gaze,12.676,-59.866,254.950,,,,,,,,,,,,,,,,
1364.847,197.494,507,101.340,3604,3607,TRUE,959.546,5,0.563,0.733,1.341,0.669,3d gaze,18.237,-56.571,244.126,,,,,,,,,,,,,,,,
1364.963,197.610,508,227.563,3607,3610,TRUE,858.206,4,0.576,0.733,1.993,0.722,3d gaze,25.520,-61.810,266.581,,,,,,,,,,,,,,,,
1365.194,197.841,509,300.769,3610,3610,TRUE,630.643,3,0.577,0.750,1.983,0.740,3d gaze,24.781,-63.052,253.573,,,,,,,,,,,,,,,,
1365.499,198.146,510,228.159,3610,3610,TRUE,329.874,2,0.574,0.782,1.900,0.735,3d gaze,23.144,-69.117,246.444,,,,,,,,,,,,,,,,
1365.731,198.378,511,101.715,3610,3610,FALSE,101.715,1,0.582,0.803,1.134,0.754,3d gaze,26.214,-73.583,244.288,,,,,,,,,,,,,,,,
1365.918,198.565,512,201.251,3611,3614,FALSE,201.251,1,0.450,0.768,1.474,0.732,3d gaze,-22.432,-56.923,213.106,,,,,,,,,,,,,,,,
1366.182,198.829,513,498.350,3616,3629,TRUE,719.276,2,0.596,0.791,1.110,0.721,3d gaze,28.296,-63.665,219.293,,,,,,,,,,,,,,,,
1366.684,199.332,514,220.926,3630,3635,FALSE,220.926,1,0.601,0.808,1.250,0.779,3d gaze,30.797,-68.469,222.507,,,,,,,,,,,,,,,,
1367.040,199.687,515,139.444,3638,3640,FALSE,139.444,1,0.464,0.776,1.604,0.700,3d gaze,-19.028,-62.817,228.861,,,,,,,,,,,,,,,,